OBJECTID,STFIPS,REGION,ITEM8,ITEM5A,ITEM5B,ITEM5C,ITEM5D,ITEM5E,ITEM2,ITEM3,ITEM4,ITEM6A,ITEM6B,ITEM7,ITEM9,ITEM10,ITEM11,ITEM12,ITEM13A,ITEM13B,ITEM16,ITEM17,ITEM19,ITEM20,ITEM21,ITEM22,ITEM26,ITEM27,ITEM28A,ITEM28B,ITEM29,ITEM30,ITEM31,ITEM32,ITEM33,ITEM34,ITEM35,ITEM36A,ITEM36B,ITEM36C,ITEM36D,ITEM37,ITEM38,ITEM39,ITEM40,ITEM41,ITEM42A,ITEM42B,ITEM43A,ITEM43B,ITEM44A,ITEM44B,ITEM45,ITEM46,ITEM47,ITEM48,ITEM49,ITEM50A,ITEM50B,ITEM51,ITEM52,ITEM53,ITEM54A,ITEM54B,ITEM55A,ITEM55B,ITEM56,ITEM58,ITEM59,ITEM60,ITEM61,ITEM62,ITEM63,ITEM64,ITEM65,ITEM66,ITEM67,ITEM68,ITEM69,ITEM70,ITEM71,ITEM72,ITEM75A,ITEM75B,ITEM76,ITEM90,ITEM91,ITEM92A,ITEM92B,ITEM92C,ITEM93A,ITEM93B,ITEM93C,ITEM94,ITEM95,ITEM96,ITEM97,ITEM98A,ITEM98B,ITEM99,ITEM100,ITEM101,ITEM102,ITEM103,ITEM104,ITEM105,ITEM106,ITEM107,ITEM108A,ITEM108B,ITEM108C,ITEM109,ITEM110,ITEM111,ITEM112,ITEM113,ITEM114,ITEM115,ITEM116,FUNDED,FEDERAL,WO,DT,WO_2,STAT,SR1,SR2,EXTRA,STATUS,DATE,LONGDD,LATDD,SHAPE,routes_impacted,commuters_impacted,total_additional_minutes,total_additional_miles,average_commute_miles_added,average_commute_minutes_added,cbsa_rank,county_rank,Longitude,Latitude
1,51,3,000000000008299,1,4,1,00723,0,08,069,00000,OPEQUON CREEK, ,CARPERS VALLEY RD,0.00 CLARKE-0.00FREDERICK,9999,0000000,0,0000000000,00,39071220,078061235,011,3,01,01,07,1932,01,00,000952,2008,0,0052,0,00,0,0,0,0,0,5,0,0000,00000,A,1,5,1,04,0,00,003,0000,045,00101,000268,002,002,0045,0053,9999,N,0000,N,000,000,6,4,5,6,N,2,441,2,045,2,2,N,5,7,7,31,1,000421,0612,12,N,N,N, , , ,000300,000050,000351,2007, , ,_,0,N,3, ,0,0,0000,1,6,0,0,01,0, ,Y,8,002412,2030, ,N,N, , , ,1, ,0160,1,AM,1202,-78.103372,39.119358,"{""x"": -78.10337200021758, ""y"": 39.11935799987185, ""spatialReference"": {""wkid"": 4326, ""latestWkid"": 4326}}",14.0,235.0,0.08072589460383028,0.9027083384081607,0.0038413120783325986,0.00034351444512268204,48.5,1.0,-78.103372,39.119358
2,51,3,000000000014633,1,2,1,00211,0,07,157,00000,N FORK THORNTON RIVER, ,211W & 522S,7.45 FR 522N &.60 TO 522S,9999,0050330,1,0000000000,00,38395091,078130416,088,3,01,01,02,1930,02,00,002472,2008,6,0070,0,45,0,1,0,0,0,5,0,0000,00000,A,1,5,5,01,0,00,003,0000,118,00113,000299,000,000,0118,0128,9999,N,0000,N,000,000,5,4,6,6,N,1,925,1,562,4,7,N,5,8,8,35,1,000299,0912,12,N,N,N, , , ,000060,000020,000081,2012, , ,_,0,L,1, ,1,0,0000,1,6,0,0,05,0, ,Y,8,004661,2033, ,N,N, , , ,1, ,0545,1,AM,0403,-78.217658,38.663664,"{""x"": -78.21765799961696, ""y"": 38.66366399989374, ""spatialReference"": {""wkid"": 4326, ""latestWkid"": 4326}}",26.0,446.0,3.232969447708456e-13,0.0,0.0,7.248810420870977e-16,73.0,8.0,-78.217658,38.663664
3,51,3,000000000014682,1,4,1,00600,0,07,157,00000,PINEY RIVER, ,SWINDLER HOLLOW RD,.40 FR 612 & 1.60 TO 653,9999,0011665,0,0000000000,00,38405281,078141746,008,3,01,01,09,1954,02,00,000090,2006,5,0052,0,18,0,0,0,0,0,5,0,0000,00000,P,1,5,3,02,0,00,001,0000,050,00088,000094,000,000,0050,0059,9999,N,0000,N,000,000,7,4,6,6,N,3,227,3,172,4,3,N,3,5,6,38,2,000094,0312,12,N,N,N, , , ,000020,000002,000025,2010, , ,_,0,N,2, ,0,0,0000,8,6,0,0,00,0, ,Y,7,000150,2034, ,N,N, , , ,1, ,0411,1,AM,1202,-78.238283,38.681386,"{""x"": -78.23828300016027, ""y"": 38.6813859996642, ""spatialReference"": {""wkid"": 4326, ""latestWkid"": 4326}}",0.0,False,False,False,,,73.0,8.0,-78.238283,38.681386
4,51,3,000000000014685,1,4,1,00604,0,07,157,00000,HUGHES RIVER, ,GREEN RD.,AT CULP. & RAPP CO. LINE,9999,0000016,0,0000000000,00,38313640,078104956,039,3,01,01,09,1954,02,00,000155,2006,5,0049,0,00,0,0,0,0,0,5,0,0000,00000,A,1,5,3,02,0,00,001,0000,058,00146,000155,002,002,0058,0061,9999,N,0000,N,000,000,5,4,6,6,N,2,463,2,318,4,3,N,5,6,6,34,1,000155,0912,12,N,N,N, , , ,000050,000005,000065,2011, , ,_,0,N,2, ,0,0,1966,8,6,0,0,00,0, ,Y,4,003218,2033, ,N,N, , , ,1, ,0492,1,AM,1202,-78.180447,38.526731,"{""x"": -78.18044700042867, ""y"": 38.52673100023554, ""spatialReference"": {""wkid"": 4326, ""latestWkid"": 4326}}",0.0,False,False,False,,,73.0,8.0,-78.180447,38.526731
5,51,3,000000000014693,1,4,1,00615,0,07,157,00000,BLACKWATER CREEK, ,TURKEY RIDGE RD.,2.40 FR 617 & 2.00 TO 650,9999,0003207,0,0000000000,00,38344879,078065169,018,3,01,01,09,1947,01,00,000022,2003,0,0040,0,00,0,0,0,0,0,5,0,0000,00000,P,1,5,3,02,0,00,001,0000,040,00110,000125,002,002,0040,0043,9999,N,0000,N,000,000,5,4,6,6,N,2,227,2,154,4,5,N,0,5,4,31,1,000125,0712,12,N,N,N, , , ,000080,000015,000115,2010, , ,_,0,N,3, ,0,0,0000,8,0,0,0,00,0, ,Y,7,000050,2033, ,N,N, , , ,1, ,0301,1,AM,1202,-78.114339,38.580106,"{""x"": -78.1143389996451, ""y"": 38.58010600019179, ""spatialReference"": {""wkid"": 4326, ""latestWkid"": 4326}}",0.0,False,False,False,,,73.0,8.0,-78.114339,38.580106
6,51,3,000000000014703,1,4,1,00621,0,07,157,00000,Walnut Run, ,Rudasil Mill Road,1.53 Fr 522 & 1.63 To 620,9999,0009493,0,0000000000,00,38374372,078102642,016,3,01,01,09,1932,02,00,000237,2006,5,0049,0,15,0,0,0,0,0,5,0,0000,00000,P,1,5,3,02,0,00,001,0000,060,00070,000082,002,002,0060,0073,9999,N,0000,N,000,000,6,4,6,6,N,2,254,2,172,4,3,N,5,5,6,31,2,000082,1012,12,N,N,N, , , ,000045,000005,000052,2011, , ,_,0,N,2, ,0,0,0000,8,6,0,0,00,0, ,Y,4,000375,2034, ,N,N, , , ,1, ,0329,1,AM,1202,-78.173847,38.628681,"{""x"": -78.17384700003896, ""y"": 38.628681000028166, ""spatialReference"": {""wkid"": 4326, ""latestWkid"": 4326}}",0.0,False,False,False,,,73.0,8.0,-78.173847,38.628681
7,51,3,000000000014709,1,4,1,00622,0,07,157,00000,Covington River, ,Rock Mills Road,.55 FR 621 & 1.45 TO 211,9999,0020843,0,0000000000,00,38402343,078101342,026,3,01,01,09,1976,02,00,000695,2003,5,0061,0,15,0,0,0,0,0,5,0,0000,00000,A,1,5,3,02,0,00,001,0000,069,00098,000110,002,002,0069,0071,9999,N,0000,N,000,000,5,4,6,6,N,3,390,3,299,4,4,N,5,7,8,31,1,000110,0212,12,N,N,N, , , ,000063,000010,000075,2011, , ,_,0,N,2, ,0,0,0000,8,6,0,0,00,0, ,Y,4,000625,2034, ,N,N, , , ,1, ,0520,1,AM,1202,-78.170278,38.673303,"{""x"": -78.17027800002961, ""y"": 38.67330300013339, ""spatialReference"": {""wkid"": 4326, ""latestWkid"": 4326}}",37.0,616,5.9330318436e-13,0.0,0.0,9.63154520064e-16,73.0,8.0,-78.170278,38.673303
8,51,3,000000000014717,1,4,1,00623,0,07,157,00000,Keyser Run, ,Pullens Bluff Road,.05 Fr 614 & .45 To 622,9999,0000080,0,0000000000,00,38425077,078140805,005,3,01,01,09,1956,02,00,000105,2006,5,0040,0,00,0,0,0,0,0,5,0,0000,00000,P,1,5,3,02,0,00,001,0000,064,00055,000064,002,002,0064,0067,9999,N,0000,N,000,000,7,4,5,5,N,2,227,2,163,4,4,N,2,5,8,38,2,000064,0912,12,N,N,N, , , ,000050,000005,000060,2012, , ,_,0,N,2, ,0,0,0000,8,0,0,0,00,0, ,Y,4,000125,2034, ,N,N, , , ,1, ,0369,1,AM,1202,-78.235542,38.714106,"{""x"": -78.2355419996635, ""y"": 38.714106000391666, ""spatialReference"": {""wkid"": 4326, ""latestWkid"": 4326}}",0.0,False,False,False,,,73.0,8.0,-78.235542,38.714106
9,51,3,000000000014720,1,4,1,00626,0,07,157,00000,Rush River, ,Tiger Valley Road,.80 Fr 668 & .54 To 211,9999,0002790,0,0000000000,00,38422065,078090651,014,3,01,01,09,1976,02,00,000603,2006,5,0055,0,00,0,0,0,0,0,5,0,0000,00000,P,1,5,3,02,0,00,001,0000,065,00110,000110,002,002,0065,0067,9999,N,0000,N,000,000,5,4,7,6,N,3,218,3,163,4,3,N,3,7,6,34,1,000110,1112,12,N,N,N, , , ,000080,000005,000090,2010, , ,_,0,N,2, ,0,0,0000,8,6,0,0,00,0, ,Y,5,000550,2034, ,N,N, , , ,1, ,0300,1,AM,1202,-78.151586,38.705825,"{""x"": -78.15158599959415, ""y"": 38.70582499982396, ""spatialReference"": {""wkid"": 4326, ""latestWkid"": 4326}}",0.0,False,False,False,,,73.0,8.0,-78.151586,38.705825
10,51,3,000000000014722,1,4,1,00628,0,07,157,00000,RUSH RIVER, ,FODDERSTACK RD.,.40 FR 1101 & 3.80 TO 606,9999,0000579,0,0000000000,00,38430949,078092423,019,3,01,01,08,1958,02,00,000487,2008,6,0061,0,00,0,0,0,0,0,5,0,0000,00000,A,1,5,3,02,0,00,001,0000,072,00125,000140,000,000,0072,0074,9999,N,0000,N,000,000,5,4,6,5,N,1,562,1,336,4,4,N,5,6,8,35,2,000140,0812,12,N,N,N, , , ,000080,000005,000100,2010, , ,_,0,N,2, ,0,0,1978,8,6,0,0,02,0, ,Y,5,000850,2033, ,N,N, , , ,1, ,0557,1,AM,1202,-78.156711,38.719422,"{""x"": -78.15671100031238, ""y"": 38.71942200002536, ""spatialReference"": {""wkid"": 4326, ""latestWkid"": 4326}}",11.0,189,2.11378971956,2.9831837075,0.0157840407804,0.0111840725903,45.0,1.0,-78.156711,38.719422
11,51,3,000000000014750,1,4,1,00655,0,07,157,00000,Beaverdam Creek, ,Short Road,.10 Fr 522 &.00 To 620,9999,0000129,0,0000000000,00,38384910,078122673,002,3,01,01,09,1920,01,00,000060,2006,5,0034,0,00,0,0,0,0,0,5,0,0000,00000,P,1,5,1,02,0,00,002,0000,046,00073,000140,002,002,0046,0055,9999,N,0000,N,000,000,4,4,6,6,N,1,581,1,345,4,7,N,0,6,6,37,2,000143,0912,12,N,N,N, , , ,000050,000005,000060,2010, , ,_,0,N,3, ,0,0,0000,1,6,0,0,00,0, ,Y,5,000100,2034, ,N,N, , , ,1, ,0557,1,AM,1202,-78.207397,38.646953,"{""x"": -78.20739700037126, ""y"": 38.64695299998101, ""spatialReference"": {""wkid"": 4326, ""latestWkid"": 4326}}",0.0,False,False,False,,,73.0,8.0,-78.207397,38.646953
12,51,3,000000000014751,1,4,1,00659,0,07,157,00000,JORDAN RIVER, ,RESETTLEMENT RD.,.15 FR 628 & 1.15 TO 641,9999,0001839,0,0000000000,00,38461839,078071050,010,3,01,01,08,1988,02,00,000295,2008,0,0052,0,30,0,0,0,0,0,5,0,0000,00000,P,1,5,3,02,0,00,001,0000,063,00113,000125,000,000,0063,0067,9999,N,0000,N,000,000,6,4,6,7,N,3,191,3,145,4,4,N,1,5,8,31,2,000152,0912,12,N,N,N, , , ,000100,000010,000150,2010, , ,_,0,N,2, ,0,0,0000,8,6,0,0,03,0, ,Y,8,000375,2033, ,N,N, , , ,1, ,0296,1,AM,1202,-78.119639,38.771703,"{""x"": -78.11963900033953, ""y"": 38.77170299989359, ""spatialReference"": {""wkid"": 4326, ""latestWkid"": 4326}}",0.0,False,False,False,,,73.0,8.0,-78.119639,38.771703
13,51,3,000000000014755,1,4,1,00675,0,07,157,00000,Battle Run, ,Old Massies Crn Rd,.30 Fr 211E & .15 To 211W,9999,0000483,0,0000000000,00,38431507,078070351,002,3,01,01,09,1914,02,00,000040,2006,5,0058,0,00,0,0,0,0,0,5,0,0000,00000,P,1,5,1,01,0,00,002,0000,070,00067,000134,002,002,0070,0079,9999,N,0000,N,000,000,4,4,4,6,N,2,100,2,009,2,5,N,0,7,6,31,1,000134,0213,12,N,N,N, , , ,000200,000005,000210,2010, , ,_,0,N,2, ,0,0,0000,1,6,0,0,00,0, ,Y,8,000052,2035, ,N,N, , , ,1, ,0370,1,AM,1202,-78.117464,38.72085,"{""x"": -78.11746399986367, ""y"": 38.72085000022736, ""spatialReference"": {""wkid"": 4326, ""latestWkid"": 4326}}",0.0,False,False,False,,,73.0,8.0,-78.117464,38.72085
14,51,3,000000000018748,1,2,1,00340,0,08,187,00000,GOONEY CREEK, ,STONEWALL JACKSON,0.35 TO 605 - 1.80 TO 737,9999,0144051,1,0000000000,00,38520732,078150234,013,3,01,01,06,1936,02,00,006358,2008,2,0067,0,00,0,0,1,1,1,5,0,0000,00000,A,1,5,3,10,1,04,001,0003,070,00229,000530,002,002,0070,0073,9999,N,0000,N,000,000,5,4,5,8,N,2,342,2,171,4,2,N,5,5,7,31,1,000610,0812,12,Y12,N,N,0812, , ,000450,000045,000496,2007, , ,_,0,N,2, ,0,0,0000,1,3,0,0,04,0, ,Y,8,010175,2030, ,N,N, , , ,1, ,0175,1,AM,1202,-78.250583,38.868786,"{""x"": -78.25058299990548, ""y"": 38.8687860000739, ""spatialReference"": {""wkid"": 4326, ""latestWkid"": 4326}}",3.0,75,1.7763568394e-14,3.5527136788e-15,4.73695157173e-17,2.36847578587e-16,73.0,1.0,-78.250583,38.868786
15,51,3,000000000005444,1,4,1,00645,0,08,043,00000,DRY MARSH, ,WRIGHTS MILL RD,0.10 TO 664 - 0.50 TO 660,9999,0001931,0,0000000000,00,39113316,078040879,006,3,01,01,09,1938,02,00,000125,2000,6,0037,0,00,0,0,0,0,0,5,0,0000,00000,A,1,5,3,02,0,00,001,0000,074,00101,000101,000,000,0074,0079,9999,N,0000,N,000,000,7,4,7,8,N,1,408,1,245,4,5,N,5,7,7,35,1,000101,1212,12,N,N,N, , , ,000067,000020,000088,2011, , ,_,0,N,2, ,0,0,0000,8,6,0,0,00,0, ,Y,8,000275,2030, ,N,N, , , ,1, ,0572,1,AM,0403,-78.069594,39.192275,"{""x"": -78.06959400016297, ""y"": 39.19227499989137, ""spatialReference"": {""wkid"": 4326, ""latestWkid"": 4326}}",0.0,False,False,False,,,73.0,1.0,-78.069594,39.192275
16,51,3,000000000005622,1,4,1,00613,0,07,047,00000,RAPPAHANNOCK RIVER, ,WATERLOO ROAD,.0 FAUQ.CO.& .0 CULP. CO,0439,0005646,0,0000000000,00,38414472,077542256,006,3,01,01,09,1878,01,00,000680,2002,0,0052,0,00,0,0,0,0,0,2,0,0000,00000,P,1,5,9,10,3,02,001,0015,034,00305,001116,002,002,0034,0036,0439,N,0000,N,000,000,5,4,4,6,N,3,045,3,027,2,2,N,0,6,4,31,1,001116,1012,12,Y12,N,N,1012, , ,000650,000175,000850,2008, , ,_,0,N,3, ,0,0,0000,8,0,0,0,00,0, ,Y,5,000600,2032, ,N,N, , , ,1, ,0149,1,AM,0403,-77.907556,38.695547,"{""x"": -77.90755600020918, ""y"": 38.69554699979426, ""spatialReference"": {""wkid"": 4326, ""latestWkid"": 4326}}",0.0,False,False,False,,,73.0,2.0,-77.907556,38.695547
17,51,3,000000000007287,1,4,1,00623,0,07,061,00000,Gap Run, ,Rokeby Road,2.70 Fr 712 & .60 To 710,9999,0007936,0,0000000000,00,38563695,077534323,013,3,01,01,09,1940,01,00,000185,2004,5,0037,0,00,0,0,0,0,0,5,0,0000,00000,P,1,5,3,02,0,00,001,0000,044,00134,000143,002,002,0044,0049,9999,N,0000,N,000,000,4,4,5,7,N,2,209,2,136,4,2,N,0,6,5,31,2,000143,1112,12,N,N,N, , , ,000125,000010,000150,2010, , ,_,0,N,3, ,0,0,0000,8,0,0,0,00,0, ,Y,7,000150,2034, ,N,N, , , ,1, ,0238,1,AM,1202,-77.895286,38.943606,"{""x"": -77.89528600004883, ""y"": 38.94360599971719, ""spatialReference"": {""wkid"": 4326, ""latestWkid"": 4326}}",0.0,False,False,False,,,73.0,9.5,-77.895286,38.943606
18,51,3,000000000007367,1,4,1,00688,0,07,061,00000,Thumb Run, ,Leeds Manor Road,1.20 Fr 635 & .70 To 730,9999,0025889,0,0000000000,00,38505293,077594969,011,3,01,01,08,1925,02,00,000525,2008,5,0061,0,00,0,0,0,0,0,5,0,0000,00000,A,1,5,1,01,0,00,002,0000,055,00070,000137,002,002,0055,0061,9999,N,0000,N,000,000,4,4,4,6,N,2,435,2,236,4,2,N,5,7,6,34,1,000137,0113,12,N,N,N, , , ,000090,000025,000125,2009, , ,_,0,N,2, ,0,0,0000,1,6,0,0,01,0, ,Y,5,000700,2035, ,N,N, , , ,1, ,0417,1,AM,0403,-77.99715,38.847019,"{""x"": -77.99715000037219, ""y"": 38.847018999926945, ""spatialReference"": {""wkid"": 4326, ""latestWkid"": 4326}}",6.0,105,0.0807258946037,0.902708338408,0.00859722227055,0.000768818043845,48.5,4.0,-77.99715,38.847019
19,51,3,000000000007411,1,4,1,00723,0,07,061,00000,Branch Goose Creek, ,Ashville Road,.22 Fr F-184 & .30 To 731,9999,0000603,0,0000000000,00,38524181,077543414,010,3,01,01,09,1937,01,00,000521,2001,5,0055,0,30,0,0,0,0,0,5,0,0000,00000,P,1,5,3,02,0,00,001,0000,042,00094,000094,002,002,0042,0050,9999,N,0000,N,000,000,4,4,6,5,N,3,045,3,036,3,2,N,0,5,6,34,1,000094,0313,12,N,N,N, , , ,000080,000010,000100,2010, , ,_,0,N,3, ,0,0,0000,8,6,0,0,00,0, ,Y,4,000825,2035, ,N,N, , , ,1, ,0111,1,AM,0403,-77.9094,38.878217,"{""x"": -77.90939999981009, ""y"": 38.87821699971482, ""spatialReference"": {""wkid"": 4326, ""latestWkid"": 4326}}",1.0,90,7.1054273576e-15,0.0,0.0,7.89491928622e-17,73.0,9.5,-77.9094,38.878217
20,51,3,000000000007412,1,4,1,00723,0,07,061,00000,"RTES 17, 55 & I 66", ,ASHVILLE RD.,.02 FR F185 & .02 TO F184,9999,0000774,0,0000000000,00,38524578,077542024,008,3,01,01,09,1960,02,04,000521,2001,3,0091,0,09,0,0,0,0,0,5,0,0000,00000,A,1,1,3,02,0,00,004,0000,050,00183,000631,005,005,0073,0089,9999,H,0440,H,045,045,6,4,5,N,N,2,417,2,227,4,4,3,5,N,8,38,2,000631,1212,12,N,N,N, , , ,000005,000001,000007,2011, , ,_,0,N,2, ,0,0,0000,1,3,0,0,00,0, ,Y,N,000600,2032, ,N,N, , , ,1, ,0426,1,AM,1202,-77.905208,38.87955,"{""x"": -77.90520799984927, ""y"": 38.87955000003251, ""spatialReference"": {""wkid"": 4326, ""latestWkid"": 4326}}",70.0,1320,4.55401461395,15.9502072897,0.012083490371,0.00345001107117,36.0,2.0,-77.905208,38.87955
21,51,3,000000000007414,1,4,1,00724,0,07,061,00000,Goose Creek, ,Sage Road,.05 Fr 756 & 1.75 To 816,9999,0017269,0,0000000000,00,38541849,077590716,011,3,01,01,09,1925,01,00,000038,2004,5,0043,0,00,0,0,0,0,0,5,0,0000,00000,P,1,5,3,02,0,00,002,0000,043,00061,000125,002,002,0043,0046,9999,N,0000,N,000,000,4,3,4,4,N,1,027,1,027,3,6,N,0,6,8,35,1,000125,0513,06,N,N,Y03, , ,0813,000150,000005,000165,2012, , ,_,0,N,3,T,0,0,0000,8,6,0,0,00,0, ,Y,4,000100,2035, ,N,N, , , ,1, ,0228,1,AM,1202,-77.985342,38.905147,"{""x"": -77.98534199993333, ""y"": 38.90514699963438, ""spatialReference"": {""wkid"": 4326, ""latestWkid"": 4326}}",0.0,False,False,False,,,73.0,9.5,-77.985342,38.905147
22,51,3,000000000014739,1,4,1,00637,0,07,157,00000,Big Indian Run, ,Jericho Road,.70 Fr 522 & 5.90 To 647,9999,0018014,0,0000000000,00,38471928,078053438,021,3,01,01,09,1931,01,00,000225,2006,5,0040,0,00,0,0,0,0,0,5,0,0000,00000,A,1,5,1,01,0,00,001,0000,047,00061,000070,000,000,0047,0053,9999,N,0000,N,000,000,4,4,4,6,N,2,435,2,245,4,2,N,5,7,6,31,1,000070,1212,12,N,N,N, , , ,000240,000020,000265,2011, , ,_,0,N,3, ,0,0,0000,1,6,0,0,00,0, ,Y,5,000450,2034, ,N,N, , , ,1, ,0482,1,AM,1202,-78.093075,38.788608,"{""x"": -78.09307500021106, ""y"": 38.78860799975945, ""spatialReference"": {""wkid"": 4326, ""latestWkid"": 4326}}",1.0,15,2.03306382495,2.08047536909,0.13869835794,0.13553758833,46.0,2.0,-78.093075,38.788608
23,51,3,000000000005578,1,2,6,00015,0,07,047,00000,Rappahannock River, ,Remington Road,Fauquier/Culpeper CL,9999,0000901,0,0000000000,00,38314797,077484994,003,3,01,01,07,1930,02,00,001620,2008,2,0067,0,00,0,0,0,0,0,5,0,0000,00000,P,1,5,3,10,1,04,002,0002,070,00280,000820,000,000,0070,0073,9999,N,0000,N,000,000,4,4,5,7,N,2,163,2,073,2,3,N,3,8,7,31,1,000914,1012,12,Y12,N,N,1012, , ,000680,000020,000720,2010, , ,_,0,N,2, ,0,0,0000,1,6,0,0,02,0, ,Y,8,004675,2030, ,N,N, , , ,1, ,0142,1,AM,1202,-77.813622,38.530092,"{""x"": -77.81362199955561, ""y"": 38.53009199964612, ""spatialReference"": {""wkid"": 4326, ""latestWkid"": 4326}}",141.0,2641,7.3435763514,11.3388210482,0.00429338169186,0.0027806044496,42.0,1.0,-77.813622,38.530092
24,51,3,000000000007256,1,3,1,00245,0,07,061,00000,BROAD RUN, ,OLD TAVERN RD.,.29 FR. 66 & .81 TO 55,9999,0003947,0,0000000000,00,38511311,077470558,018,3,01,01,07,1935,02,00,003950,2008,5,0067,0,00,0,0,0,0,0,5,0,0000,00000,A,1,5,5,05,0,00,001,0000,085,00116,000128,000,000,0085,0098,9999,N,0000,N,000,000,5,4,7,6,N,1,798,1,544,4,4,N,5,6,8,35,1,000128,0113,12,N,N,N, , , ,000050,000010,000070,2012, , ,_,0,N,2, ,1,0,0000,9,6,0,0,02,0, ,Y,5,004752,2034, ,N,N, , , ,1, ,0479,1,AM,0403,-77.7848,38.853703,"{""x"": -77.78479999962025, ""y"": 38.85370299969372, ""spatialReference"": {""wkid"": 4326, ""latestWkid"": 4326}}",23.0,507,8.37995079092,19.9040023207,0.0392583872203,0.0165285025462,35.0,1.0,-77.7848,38.853703
25,51,3,000000000007291,1,4,1,00624,0,07,061,00000,Branch Goose Creek, ,Crenshaw Road,2.20 Fr 50 & .74 To 715,9999,0006816,0,0000000000,00,38571257,077501139,013,3,01,01,09,1919,01,00,000022,2004,5,0030,0,00,0,0,0,0,0,4,0,0000,00000,P,1,5,1,12,0,00,001,0000,034,00061,000070,000,000,0034,0040,9999,N,0000,N,000,000,4,4,4,5,N,2,127,2,091,2,3,N,0,5,6,31,2,000076,0912,12,N,N,N, , , ,000050,000012,000070,2010, , ,_,0,N,3, ,0,0,0000,1,8,0,0,00,0, ,Y,5,000070,2034, ,N,N, , , ,1, ,0176,1,AM,1202,-77.836528,38.953525,"{""x"": -77.83652800006712, ""y"": 38.9535250002786, ""spatialReference"": {""wkid"": 4326, ""latestWkid"": 4326}}",0.0,False,False,False,,,73.0,9.5,-77.836528,38.953525
26,51,3,000000000007327,1,4,1,00651,0,07,061,00000,Sumerduck Run, ,Sumerduck Road,.05 Fr 615N & .35 To 615S,9999,0002526,0,0000000000,00,38264988,077413621,023,3,01,01,08,1933,02,00,000950,2008,5,0058,0,00,0,0,0,0,0,5,0,0000,00000,A,1,5,1,01,0,00,002,0000,059,00069,000137,002,002,0059,0068,9999,N,0000,N,000,000,4,4,5,7,N,2,417,2,209,4,2,N,5,6,8,35,1,000137,0512,12,N,N,N, , , ,000100,000010,000150,2010, , ,_,0,N,2, ,0,0,0000,1,6,0,0,05,0, ,Y,8,000750,2034, ,N,N, , , ,1, ,0346,1,AM,1202,-77.693303,38.447194,"{""x"": -77.69330299983352, ""y"": 38.44719399980329, ""spatialReference"": {""wkid"": 4326, ""latestWkid"": 4326}}",2.0,45,1.42108547152e-14,0.0,0.0,3.15796771449e-16,73.0,9.5,-77.693303,38.447194
27,51,3,000000000007347,1,4,1,00672,0,07,061,00000,CEDAR RUN, ,BLACKWELL RD.,.81 FR 605 & .51 NCL WARR,9999,0003160,0,0000000000,00,38442703,077471728,011,3,01,01,09,1966,02,00,001253,2004,5,0058,0,00,0,0,0,0,0,5,0,0000,00000,A,1,5,3,02,0,00,001,0000,064,00091,000110,000,000,0064,0067,9999,N,0000,N,000,999,6,4,5,7,N,2,617,2,435,4,2,N,5,6,5,31,1,000110,0912,12,N,N,N, , , ,000080,000015,000100,2007, , ,_,0,N,2, ,0,0,0000,8,6,0,0,00,0, ,Y,8,001000,2033, ,N,N, , , ,1, ,0486,1,AM,1202,-77.788092,38.740856,"{""x"": -77.7880920003455, ""y"": 38.74085600010437, ""spatialReference"": {""wkid"": 4326, ""latestWkid"": 4326}}",2.0,100,5.3290705182e-15,-3.5527136788e-15,-3.5527136788e-17,5.3290705182e-17,73.0,9.5,-77.788092,38.740856
28,51,3,000000000007388,1,4,1,00702,0,07,061,00000,Cromwells Run, ,Frogtown Road,.40 Fr 762 & 1.00 To 710,9999,0001603,0,0000000000,00,38540012,077495062,008,3,01,01,09,1936,02,00,000331,2001,5,0055,0,00,0,0,0,0,0,5,0,0000,00000,A,1,5,1,01,0,00,001,0000,057,00064,000070,002,002,0057,0066,9999,N,0000,N,000,000,4,4,5,4,N,2,408,2,209,4,3,N,5,6,8,31,1,000137,0812,12,N,N,N, , , ,000200,000020,000250,2010, , ,_,0,N,2, ,0,0,0000,1,6,0,0,00,0, ,Y,4,000425,2034, ,N,N, , , ,1, ,0379,1,AM,1202,-77.830683,38.900028,"{""x"": -77.83068300032016, ""y"": 38.90002800009216, ""spatialReference"": {""wkid"": 4326, ""latestWkid"": 4326}}",24.0,932,29.3222341238,12.0301590355,0.0129078959608,0.0314616245964,40.0,3.0,-77.830683,38.900028
29,51,3,000000000007443,1,4,1,00787,0,07,061,00000,Cedar Run, ,Watery Mountain Rd,.08 Fr 17 & .20 To Dead E,9999,0000425,0,0000000000,00,38455540,077485959,199,3,01,01,09,1953,02,00,000109,2001,5,0043,0,00,0,0,0,0,0,5,0,0000,00000,P,1,5,3,02,0,00,001,0000,072,00098,000098,001,001,0072,0073,9999,N,0000,N,000,000,7,4,6,6,N,3,218,3,172,4,4,N,2,5,5,35,1,000098,0313,12,N,N,N, , , ,000020,000005,000030,2010, , ,_,0,N,2, ,0,0,0000,8,6,0,0,00,0, ,Y,7,000200,2035, ,N,N, , , ,1, ,0407,1,AM,1202,-77.816372,38.765464,"{""x"": -77.8163719995681, ""y"": 38.765463999963686, ""spatialReference"": {""wkid"": 4326, ""latestWkid"": 4326}}",0.0,False,False,False,,,73.0,9.5,-77.816372,38.765464
30,51,3,000000000011269,1,4,1,00685,0,09,107,00000,PINEY BRANCH, ,ARNOLD LANE,00.60TO686/00.40TO END,9999,0000965,0,0000000000,00,39170664,077435195,199,3,01,01,09,1932,02,00,000021,2002,1,0061,0,00,0,0,0,0,0,5,0,0000,00000,P,1,5,3,02,0,00,001,0000,059,00076,000091,002,002,0059,0062,9999,N,0000,N,000,000,4,4,6,5,N,1,592,1,355,4,4,N,0,6,6,35,1,000152,0512,12,N,N,N, , , ,000178,000018,000200,2012, , ,_,0,N,2,T,0,0,0000,8,6,0,0,00,0, ,Y,5,000063,2033, ,N,N, , , ,1, ,0597,1,AM,1202,-77.731067,39.285164,"{""x"": -77.73106700024181, ""y"": 39.28516400001865, ""spatialReference"": {""wkid"": 4326, ""latestWkid"": 4326}}",0.0,False,False,False,,,73.0,5.0,-77.731067,39.285164
31,51,3,000000000011270,1,4,1,00686,0,09,107,00000,PINEY RUN, ,SAWMILL LANE,00.35FR.END/00.20TO685,9999,0001120,0,0000000000,00,39163700,077435348,199,3,01,01,09,1964,02,00,000068,2002,0,0058,0,23,0,0,0,0,0,5,0,0000,00000,P,1,5,3,02,0,00,001,0000,057,00079,000079,002,002,0058,0063,9999,N,0000,N,000,000,5,3,4,6,N,3,259,3,200,3,4,N,5,6,6,38,1,000030,1212,12,N,N,N, , , ,000020,000005,000026,2012, , ,_,0,N,2, ,0,0,0000,8,6,0,0,00,0, ,Y,5,000272,2033, ,N,N, , , ,1, ,0365,1,AM,1202,-77.731508,39.276928,"{""x"": -77.73150799989423, ""y"": 39.276927999727434, ""spatialReference"": {""wkid"": 4326, ""latestWkid"": 4326}}",0.0,False,False,False,,,73.0,5.0,-77.731508,39.276928
32,51,3,000000000011337,1,4,1,00725,0,09,107,00000,NORTH FORK BEAVERDAM CK., ,PAXSON ROAD,01.3FR719/00.3TO734,9999,0000467,0,0000000000,00,39054481,077475186,006,3,01,01,09,1949,02,00,000228,2005,0,0070,0,00,0,0,0,0,0,5,0,0000,00000,A,1,5,3,02,0,00,002,0000,070,00052,000104,002,002,0071,0074,9999,N,0000,N,000,000,5,4,6,5,N,2,354,2,209,4,4,N,5,7,6,35,1,000186,0612,12,N,N,N, , , ,000161,000016,000200,2012, , ,_,0,N,2, ,0,0,0000,8,0,0,0,00,0, ,Y,5,000676,2033, ,N,N, , , ,1, ,0482,1,AM,1202,-77.797747,39.095783,"{""x"": -77.79774700042367, ""y"": 39.09578299998549, ""spatialReference"": {""wkid"": 4326, ""latestWkid"": 4326}}",0.0,False,False,False,,,73.0,5.0,-77.797747,39.095783
33,51,3,000000000011379,1,4,1,00831,0,09,107,00000,BRANCH OF BEAVERDAM CK., ,YELLOW SCHOOLHOUSE,00.40FR759 / 00.75TO779,9999,0001126,0,0000000000,00,39051141,077483478,006,3,01,01,09,1974,02,00,000227,2005,0,0073,0,00,0,0,0,0,0,5,0,0000,00000,A,1,5,3,02,0,00,001,0000,070,00110,000128,001,001,0071,0074,9999,N,0000,N,000,000,6,4,6,6,N,1,380,1,228,4,4,N,5,6,8,35,2,000128,0113,12,N,N,N, , , ,000090,000010,000150,2012, , ,_,0,N,2, ,0,0,0000,8,8,0,0,00,0, ,Y,5,000679,2032, ,N,N, , , ,1, ,0522,1,MM,0603,-77.809661,39.086447,"{""x"": -77.80966100035482, ""y"": 39.08644700022893, ""spatialReference"": {""wkid"": 4326, ""latestWkid"": 4326}}",0.0,False,False,False,,,73.0,5.0,-77.809661,39.086447
34,51,3,000000000018027,1,4,1,00649,0,06,177,00000,GLADY RUN, ,SEAYS RD.,0.6M RTE703-0.6M RTE608,9999,0002677,0,0000000000,00,38120035,077410958,016,3,01,01,09,1970,02,00,000861,2002,0,0043,0,00,0,0,0,0,0,5,0,0000,00000,P,1,5,3,02,0,00,001,0000,056,00067,000073,000,000,0056,0070,9999,N,0000,N,000,000,6,4,4,5,N,1,225,1,135,4,2,N,5,7,8,38,1,000076,0912,12,N,N,N, , , ,000009,000001,000010,2008, , ,_,0,N,2, ,0,0,0000,8,6,0,0,00,0, ,Y,5,000700,2028, ,N,N, , , ,1, ,0228,1,AM,1202,-77.686083,38.199983,"{""x"": -77.68608299963068, ""y"": 38.199983000315285, ""spatialReference"": {""wkid"": 4326, ""latestWkid"": 4326}}",14.0,229,21.2379691425,42.5712269287,0.185900554274,0.0927422233296,27.0,1.0,-77.686083,38.199983
35,51,3,000000000007270,1,4,1,00607,0,07,061,00000,Branch of Elk Run, ,Shenandoah Path,.90 Fr 616 & .80 To 811,9999,0003693,0,0000000000,00,38353685,077385829,013,3,01,01,09,1948,02,00,000265,2004,5,0052,0,00,0,0,0,0,0,5,0,0000,00000,P,1,5,3,02,0,00,001,0000,058,00085,000094,002,002,0058,0061,9999,N,0000,N,000,000,4,4,7,7,N,3,145,3,109,4,3,N,0,5,8,35,2,000094,0412,12,N,N,N, , , ,000060,000006,000075,2011, , ,_,0,N,2, ,0,0,0000,8,6,0,0,00,0, ,Y,8,000475,2034, ,N,N, , , ,1, ,0173,1,AM,1202,-77.649536,38.593597,"{""x"": -77.64953599958665, ""y"": 38.59359700000158, ""spatialReference"": {""wkid"": 4326, ""latestWkid"": 4326}}",0.0,False,False,False,,,73.0,9.5,-77.649536,38.593597
36,51,3,000000000007271,1,4,1,00607,0,07,061,00000,Elk Run, ,Shenandoah Path,.80 Fr 806 & .70 To 811,9999,0001281,0,0000000000,00,38343865,077393629,013,3,01,01,09,1964,02,00,000133,2004,5,0040,0,00,0,0,0,0,0,5,0,0000,00000,P,1,5,3,02,0,00,001,0000,052,00073,000079,002,002,0052,0058,9999,N,0000,N,000,000,6,4,5,7,N,1,299,1,172,4,2,N,4,6,7,31,2,000079,1112,12,N,N,N, , , ,000065,000010,000080,2010, , ,_,0,N,2, ,0,0,0000,8,0,0,0,00,0, ,Y,8,000250,2034, ,N,N, , , ,1, ,0344,1,AM,1202,-77.660069,38.577428,"{""x"": -77.66006899968454, ""y"": 38.57742799990234, ""spatialReference"": {""wkid"": 4326, ""latestWkid"": 4326}}",0.0,False,False,False,,,73.0,9.5,-77.660069,38.577428
37,51,3,000000000007434,1,4,1,00752,0,07,061,00000,DEEP RUN, ,SILLAMMON RD.,1.0 FR 617 & 2.85 TO 617,9999,0004793,0,0000000000,00,38280983,077380403,011,3,01,01,09,1977,02,00,000186,2004,5,0055,0,00,0,0,0,0,0,5,0,0000,00000,P,1,5,3,02,0,00,003,0000,070,00119,000354,002,002,0070,0073,9999,N,0000,N,000,000,6,4,6,6,N,3,254,3,191,4,4,N,3,7,7,35,1,000354,0212,12,N,N,N, , , ,000360,000075,000435,2018, , ,_,0,N,2, ,0,0,0000,8,6,0,0,00,0, ,Y,8,000375,2033, ,N,N, , , ,1, ,0475,1,AM,1202,-77.634353,38.469472,"{""x"": -77.63435299999094, ""y"": 38.469472000132725, ""spatialReference"": {""wkid"": 4326, ""latestWkid"": 4326}}",0.0,False,False,False,,,73.0,9.5,-77.634353,38.469472
38,51,3,000000000011259,1,4,1,00674,0,09,107,00000,TRIBUTARY OF POTOMAC RIV, ,DUTCHMANS CREEK RD,1.39FR663/0.01TO END MAIN,9999,0000064,0,0000000000,00,39181978,077394263,199,3,01,01,09,1974,02,00,000085,2002,0,0043,0,30,0,0,0,0,0,5,0,0000,00000,P,1,5,3,02,0,00,001,0000,061,00076,000076,002,002,0062,0065,9999,N,0000,N,000,000,5,4,5,6,N,3,127,3,098,3,5,N,5,7,6,35,2,000076,0412,12,N,N,N, , , ,000039,000061,000120,2012, , ,_,0,N,2, ,0,0,0000,8,6,0,0,00,0, ,Y,8,000340,2033, ,N,N, , , ,1, ,0362,1,ST,0309,-77.66,39.305,"{""x"": -77.6600000000999, ""y"": 39.30500000014996, ""spatialReference"": {""wkid"": 4326, ""latestWkid"": 4326}}",0.0,False,False,False,,,73.0,5.0,-77.66,39.305
39,51,3,000000000011305,1,4,1,00711,0,09,107,00000,BRANCH OF CATOCTIN CREEK, ,PIGGOTT BOTTOM RD.,00.57 709 / 01.13 704,9999,0018111,0,0000000000,00,39092850,077392195,006,3,01,01,09,1932,02,00,000337,2005,0,0037,0,15,0,0,0,0,0,5,0,0000,00000,P,1,5,3,02,0,00,001,0000,068,00082,000098,002,002,0069,0072,9999,N,0000,N,000,000,5,4,6,5,N,3,345,3,207,4,4,N,4,3,6,35,2,000305,0312,12,N,N,N, , , ,000100,000050,000151,2012, , ,_,0,N,2, ,0,0,0000,8,0,0,0,00,0, ,Y,7,000789,2033, ,N,N, , , ,1, ,0407,1,AM,0403,-77.656108,39.157942,"{""x"": -77.65610799958449, ""y"": 39.15794200032309, ""spatialReference"": {""wkid"": 4326, ""latestWkid"": 4326}}",0.0,False,False,False,,,73.0,5.0,-77.656108,39.157942
40,51,3,000000000011341,1,4,1,00727,0,09,107,00000,TRIBUTARY OF CROOKED RUN, ,FOREST MILLS ROAD,00.05FR841/00.75TO722,9999,0001014,0,0000000000,00,39053151,077405734,003,3,01,01,09,1932,01,00,000225,2005,0,0030,0,00,0,0,0,0,0,5,0,0000,00000,P,1,5,3,02,0,00,002,0000,033,00125,000204,002,002,0033,0037,9999,N,0000,N,000,000,5,4,4,5,N,1,159,1,098,2,2,N,0,6,6,31,1,000305,0512,12,N,N,N, , , ,000350,000050,000425,2012, , ,_,0,N,3, ,0,0,0000,8,6,0,0,00,0, ,Y,7,000675,2033, ,N,N, , , ,1, ,0206,1,ST,0309,-77.65,39.093333,"{""x"": -77.65000000029971, ""y"": 39.093333000317784, ""spatialReference"": {""wkid"": 4326, ""latestWkid"": 4326}}",0.0,False,False,False,,,73.0,5.0,-77.65,39.093333
41,51,3,000000000014189,1,2,1,00029,0,09,153,00000,NORTH FORK, ,LEE HIGHWAY SB,00.45FR.647/00.65TO619,9999,0005052,1,0000000000,00,38473398,077373031,018,3,01,01,02,1928,02,00,036000,2002,2,0073,0,00,0,0,0,0,1,5,0,0000,00000,A,1,5,5,01,0,00,001,0000,128,00101,000101,003,003,0128,0140,9999,N,0000,N,000,000,4,4,6,6,N,3,549,3,424,4,8,N,5,5,7,36,1,000101,0712,12,N,N,N, , , ,000300,000025,000330,2012, , ,_,1,L,1, ,1,0,0000,1,6,0,0,13,0, ,Y,8,055480,2033, ,N,N, , , ,1, ,0520,1,MM,0403,-77.625028,38.792794,"{""x"": -77.6250279998423, ""y"": 38.792794000342894, ""spatialReference"": {""wkid"": 4326, ""latestWkid"": 4326}}",197.0,4140,81.6822440267,182.109601848,0.0439878265334,0.0197300106345,14.0,1.0,-77.625028,38.792794
42,51,3,000000000014340,1,4,2,00646,0,09,153,00000,SOUTHERN RAILWAY, ,ADEN ROAD,00.05FR772/00.30TO671,0662,0001007,0,0000000000,00,38422648,077335190,003,3,27,27,07,1882,01,00,002010,2008,0,0064,0,00,0,0,0,0,1,1,N,0000,00000,P,1,2,3,10,0,00,001,0000,036,00238,000238,002,002,0037,0049,0662,R,0655,R,030,071,7,4,4,N,N,1,054,1,036,2,2,4,0,N,3,31,1,000335,0312,12,Y12,N,N,0312, , ,000325,000050,000400,2012, , ,_,0,N,3, ,0,0,0000,8,7,0,0,05,0, ,Y,N,007228,2032, ,N,N, , , ,1, ,0050,1,AM,1202,-77.564161,38.707156,"{""x"": -77.56416099973029, ""y"": 38.707156000049395, ""spatialReference"": {""wkid"": 4326, ""latestWkid"": 4326}}",0.0,False,False,False,,,73.0,4.0,-77.564161,38.707156
43,51,3,000000000022592,1,5,1,00000,0,09,107,07250,TUSCARORA CREEK, ,DAVIS AVENUE,00.09FR15/00.03TO END,9999,0000000,0,0000000000,00,39060854,077341438,000,3,03,03,09,1971,02,00,000195,1981,0,0043,0,00,0,0,0,0,0,5,0,0000,00000,P,1,5,3,02,0,00,001,0000,037,00158,000158,002,002,0034,0043,9999,N,0000,N,000,000,6,4,6,6,N,2,164,2,121,4,2,N,5,7,6,35,2,000030,1112,12,N,N,N, , , ,000001,000001,000003,2012, , ,_,0,N,1, ,0,0,0000,8,6,0,0,00,0, ,Y,5,000400,2030, ,N,N, , , ,1, ,0242,1,ST,0312,-77.570661,39.102372,"{""x"": -77.57066100000509, ""y"": 39.102371999867955, ""spatialReference"": {""wkid"": 4326, ""latestWkid"": 4326}}",0.0,False,False,False,,,73.0,5.0,-77.570661,39.102372
44,51,3,000000000006801,1,4,1,00657,0,09,059,00000,FLATLICK BRANCH, ,WALNEY ROAD,00.90FR662/00.98TO50,9999,0003760,0,0000000000,00,38525407,077261749,005,3,01,01,17,1980,02,00,011614,2008,5,0073,0,15,0,0,0,0,0,5,0,0000,00000,P,1,5,3,02,0,00,001,0000,082,00122,000125,000,000,0082,0088,9999,N,0000,N,000,000,7,3,6,5,N,1,175,1,104,2,2,N,5,6,6,31,1,000244,0212,12,N,N,N, , , ,000300,000075,000400,2010, , ,_,0,N,2, ,0,0,0000,8,6,0,0,00,0, ,Y,5,027882,2030, ,N,N, , , ,1, ,0070,1,AM,1202,-77.438089,38.881589,"{""x"": -77.43808900000732, ""y"": 38.8815889996327, ""spatialReference"": {""wkid"": 4326, ""latestWkid"": 4326}}",148.0,3830,29.4092052395,74.4491435786,0.0194384186889,0.00767864366566,24.0,11.0,-77.438089,38.881589
45,51,3,000000000011216,1,4,1,00653,0,09,107,00000,TUSCARORA CREEK, ,COCHRAN MILL ROAD,00.30FR7/00.60TO862,9999,0006904,0,0000000000,00,39050448,077310154,014,3,01,01,07,1932,02,00,001420,2008,6,0070,0,00,0,0,0,0,0,5,0,0000,00000,D,1,5,3,02,0,00,002,0000,072,00079,000158,002,002,0072,0074,9999,N,0000,N,000,000,7,4,5,5,N,3,380,3,293,4,3,N,5,6,6,31,2,000213,0312,12,N,N,N, , , ,000100,000020,000130,2010, , ,_,0,N,2,T,0,0,0000,8,6,0,0,40,0, ,Y,7,007281,2030, ,N,N, , , ,1, ,0471,1,AM,1202,-77.517042,39.084594,"{""x"": -77.51704199958857, ""y"": 39.084594000212974, ""spatialReference"": {""wkid"": 4326, ""latestWkid"": 4326}}",0.0,False,False,False,,,73.0,5.0,-77.517042,39.084594
46,51,3,000000000014339,1,4,1,00646,0,09,153,00000,CEDAR RUN, ,ADEN ROAD,00.90FR608/01.40TO653,9999,0011150,0,0000000000,00,38382931,077304399,024,3,01,01,07,1982,02,00,004053,2008,6,0064,0,00,0,1,0,0,1,5,0,0000,00000,P,1,5,5,05,0,00,003,0000,093,00171,000509,002,002,0093,0104,9999,N,0000,N,000,000,4,4,7,6,N,1,236,1,136,4,4,N,0,6,8,38,1,000509,1112,12,N,N,N, , , ,000100,000125,000250,2012, , ,_,0,N,2, ,0,0,0000,2,6,0,1,05,0, ,Y,4,012031,2033, ,N,N, , , ,1, ,0165,1,AM,1202,-77.511719,38.641508,"{""x"": -77.51171899963208, ""y"": 38.641507999794385, ""spatialReference"": {""wkid"": 4326, ""latestWkid"": 4326}}",69.0,1747,31.1028167343,24.9627589999,0.0142889290211,0.0178035585199,30.0,2.0,-77.511719,38.641508
47,51,3,000000000014347,1,4,1,00649,0,09,153,00000,BROAD RUN, ,BRENTSVILLE ROAD,00.01 747 / 00.83 692,9999,0005519,0,0000000000,00,38415392,077290807,010,3,01,01,17,1957,02,00,003427,2008,3,0064,0,00,0,0,0,0,0,5,0,0000,00000,A,1,5,1,04,0,00,004,0000,073,00149,000585,005,005,0073,0088,9999,N,0000,N,000,000,4,4,5,6,N,3,417,3,327,4,2,N,5,7,6,38,1,000585,0512,12,N,N,N, , , ,040000,010000,090000,2011, , ,_,0,N,2, ,0,0,0000,1,2,3,0,02,0, ,Y,5,010201,2032, ,N,N, , , ,1, ,0472,1,MM,0603,-77.484008,38.699589,"{""x"": -77.48400799966942, ""y"": 38.699589000032404, ""spatialReference"": {""wkid"": 4326, ""latestWkid"": 4326}}",118.0,2151,29.1264734363,14.2137140082,0.00660795630321,0.0135408988546,38.0,3.0,-77.484008,38.699589
48,51,3,000000000018083,1,1,1,00095,0,06,179,00000,RTE. 17, ,SBL RTE. I-95,1.2M SPOTSY.-6.9M RTE630,9999,0215349,1,0000000000,00,38202564,077293292,002,3,01,01,11,1963,04,08,049500,1994,6,0134,0,03,0,1,0,1,1,5,N,0000,00000,A,1,1,3,02,0,00,004,0000,214,00180,000585,000,000,0215,0225,9999,H,0441,H,012,005,5,4,6,N,N,1,817,1,489,4,7,3,5,N,8,38,1,000585,1012,12,N,N,N, , , ,000100,000050,000150,2007, , ,_,1,L,1, ,1,0,0000,1,3,0,0,03,1, ,Y,N,147380,2024, ,N,N, , , ,1, ,0586,1,AM,1202,-77.492292,38.340542,"{""x"": -77.49229200037547, ""y"": 38.3405419999134, ""spatialReference"": {""wkid"": 4326, ""latestWkid"": 4326}}",44.0,940,16.1958425632,22.4068097897,0.0238370316912,0.0172296197481,33.0,3.0,-77.492292,38.340542
49,51,3,000000000018085,1,1,1,00095,0,06,179,00000,RTE. 17, ,NBL RTE. I-95,1.2M SPOTSY.-6.9M RTE630,9999,0214988,1,0000000000,00,38202451,077293118,002,3,01,01,11,1963,03,08,068231,2008,6,0134,0,03,0,1,0,0,1,5,N,0000,00000,A,1,1,3,02,0,00,004,0000,182,00177,000585,000,000,0183,0195,9999,H,0452,H,012,005,5,4,7,N,N,1,811,1,486,4,7,3,5,N,8,38,1,000585,1012,12,N,N,N, , , ,000100,000050,000150, , , ,_,1,R,1, ,1,0,0000,1,3,0,0,07,1, ,Y,N,147380,2026, ,N,N, , , ,1, ,0547,1,AM,1202,-77.491833,38.340258,"{""x"": -77.491832999893, ""y"": 38.340258000306505, ""spatialReference"": {""wkid"": 4326, ""latestWkid"": 4326}}",43.0,894,14.6524492382,25.1778129113,0.0281631016905,0.0163897642486,29.0,1.0,-77.491833,38.340258
50,51,3,000000000020242,1,4,1,00639,0,06,630,05050,OLD RAPPAHANNOCK CANAL, ,FALL HILL AVE. EXT,1.9M NCL FREDBG-0.7M RTE1,9999,0000000,0,0000000000,00,38185994,077291018,006,3,04,04,19,1950,02,00,005165,1990,2,0061,0,00,0,0,0,0,0,5,0,0000,00000,P,1,5,3,02,0,00,001,0000,067,00195,000195,000,000,0067,0070,9999,N,0000,N,000,000,5,4,5,7,N,1,263,1,154,2,2,N,2,8,4,31,1,000305,0212,12,N,N,N, , , ,000400,000150,000600, , , ,_,0,N,2, ,0,0,0000,1,6,3,0,02,0, ,Y,5,024557,2024, ,N,N, , , ,1, ,0152,1,AM,0403,-77.48615,38.316628,"{""x"": -77.48615000042213, ""y"": 38.31662799968251, ""spatialReference"": {""wkid"": 4326, ""latestWkid"": 4326}}",27.0,584,4.11317024299,6.21090792575,0.0106351163112,0.00704309973115,44.0,3.0,-77.48615,38.316628
51,51,3,000000000020249,1,5,6,00001,0,06,630,05050,OLD RAPPAHANNOCK CANAL, ,JEFF. DAVIS BYPASS,0.5M RTE1-4.1M RTE1,9999,0238116,1,0000000000,00,38184003,077283622,010,3,04,04,14,1945,05,00,028425,2008,4,0207,2,45,0,0,0,0,0,5,0,0000,00000,A,5,5,2,04,0,00,003,0000,234,00168,000390,012,015,0207,0240,9999,N,0000,N,000,000,5,4,4,7,N,1,288,1,180,4,5,N,5,6,8,38,1,000390,0212,12,N,N,N, , , ,000150,000050,000250, , , ,_,0,N,2, ,1,0,0000,1,6,8,0,01,0, ,Y,5,045076,2022, ,N,N, , , ,1, ,0382,1,MM,0603,-77.476614,38.311328,"{""x"": -77.47661400043575, ""y"": 38.31132799988734, ""spatialReference"": {""wkid"": 4326, ""latestWkid"": 4326}}",46.0,1402,16.3598882161,22.6813359199,0.0161778430242,0.0116689644908,32.0,1.0,-77.476614,38.311328
52,51,3,000000000020252,1,5,1,00001,0,06,630,05050,HAZEL RUN, ,JEFF DAVIS BYPASS,2.3M RTE1-2.3M RTE1,9999,0235445,1,0000000000,00,38171577,077291217,016,3,04,04,14,1946,04,00,031522,2008,4,0152,2,00,0,0,0,0,0,5,0,0000,00000,A,5,5,1,04,0,00,003,0000,243,00116,000344,012,012,0219,0250,9999,N,0000,N,000,000,5,4,4,4,N,1,441,1,270,4,9,N,5,6,8,38,1,000344,0212,12,N,N,N, , , ,000150,000050,000250, , , ,_,0,N,2, ,1,0,0000,1,6,8,0,01,0, ,Y,5,054721,2030, ,N,N, , , ,1, ,0499,1,AM,0403,-77.483294,38.297428,"{""x"": -77.48329400001802, ""y"": 38.29742800010217, ""spatialReference"": {""wkid"": 4326, ""latestWkid"": 4326}}",34.0,973,11.3635911622,14.4754404499,0.0148771227645,0.0116789220577,37.0,2.0,-77.483294,38.297428
53,24,3,200000F-F-11010,1,5,1,00640,0,07,021,30325,CARROLL CREEK, ,FAIRVIEW AVENUE,0.2 MI SOUTH OF US 15,9999,0000000,0,6064205700,00,39251800,077250000,002,3,04,04,19,1963,02,00,003348,2005,0,0073,0,00,0,1,0,0,0,5,0,0000,00000,P,5,5,5,05,0,00,001,0000,073,00186,000195,006,015,0074,0095,9999,N,0000,N,000,000,5,4,5,6,N,2,252,2,153,4,2,N,2,6,6,35,1,000195,0512,12,N,N,N, , , ,000300,000000,000300, , , , ,0,N,2, ,0,0,1986,1,1,8,8,05,0, ,Y,8,004953,2025, ,N,N, , , ,1, ,0282,1,AM,1202,-77.427067,39.421208,"{""x"": -77.42706699984211, ""y"": 39.421208000049205, ""spatialReference"": {""wkid"": 4326, ""latestWkid"": 4326}}",129.0,3039,35.9767375559,43.8961605709,0.0144442779108,0.0118383473366,26.0,1.0,-77.427067,39.421208
54,51,3,000000000006235,1,3,1,00007,0,09,059,00000,SUGARLAND RUN, ,LEESBURG PIKE,0.15 Fr 228/0.20 To 7100,9999,0080144,1,000SR00007,00,39004782,077220751,000,3,01,01,14,1947,03,00,028691,2008,6,0116,0,30,0,1,1,1,1,5,0,0000,00000,A,1,5,5,01,0,00,002,0000,175,00131,000259,000,038,0136,0183,9999,N,0000,N,000,000,4,4,6,6,N,1,299,1,181,4,5,N,5,6,8,35,1,000259,0812,12,N,N,N, , , ,000150,000150,000500,2011, , ,_,1,L,1, ,1,0,0000,2,6,3,0,01,0, ,Y,5,086073,2033, ,N,N, , , ,1, ,0344,1,AM,1202,-77.369186,39.013442,"{""x"": -77.36918599983397, ""y"": 39.01344199974852, ""spatialReference"": {""wkid"": 4326, ""latestWkid"": 4326}}",193.0,4415,47.222747344,85.0659009354,0.0192674747305,0.0106959790134,22.0,9.0,-77.369186,39.013442
55,51,3,000000000006275,1,2,1,00029,0,09,059,00000,LITTLE ROCKY RUN, ,LEE HIGHWAY,00.85FR28 / 00.38TO645,9999,0367383,1,0000000000,00,38502061,077245554,003,3,01,01,14,1932,04,00,030071,2008,0,0174,2,45,0,0,0,0,0,5,0,0000,00000,A,1,5,1,01,0,00,001,0000,167,00058,000067,002,002,0168,0182,9999,N,0000,N,000,000,4,4,5,5,N,3,290,3,218,4,5,N,5,4,7,31,1,000152,0612,12,N,N,N, , , ,000540,000030,000580,2012, , ,_,0,N,2, ,1,0,0000,1,6,0,0,00,0, ,Y,5,092451,2032, ,N,N, , , ,1, ,0268,1,AM,1202,-77.415361,38.839067,"{""x"": -77.41536099961041, ""y"": 38.839067000141995, ""spatialReference"": {""wkid"": 4326, ""latestWkid"": 4326}}",271.0,6435,79.3045732967,167.285760435,0.0259962331678,0.0123239430142,15.0,5.0,-77.415361,38.839067
56,51,3,000000000006983,1,4,1,03546,0,09,059,00000,JOHNNY MOORE CREEK, ,TWIN LAKES DRIVE,00.53FR.645/00.53TO659,9999,0003041,0,0000000000,00,38485492,077241935,002,3,01,01,19,1920,02,00,000783,2001,2,0067,0,00,0,0,0,0,0,5,0,0000,00000,A,1,5,1,01,0,00,001,0000,054,00061,000070,002,002,0061,0073,9999,N,0000,N,000,000,4,4,5,5,N,3,363,3,218,4,N,N,5,7,6,31,1,000091,0213,12,N,N,N, , , ,000135,000014,000159,2013, , ,_,0,N,3, ,0,0,0000,1,6,0,0,00,0, ,Y,5,002100,2034, ,N,N, , , ,1, ,0436,1,AM,1202,-77.405336,38.81525,"{""x"": -77.40533599955671, ""y"": 38.81524999988761, ""spatialReference"": {""wkid"": 4326, ""latestWkid"": 4326}}",170.0,3365,37.4887512008,79.0859896305,0.0235025229214,0.0111407878754,23.0,10.0,-77.405336,38.81525
57,51,3,000000000018049,1,2,1,00001,0,06,179,00000,AQUIA CREEK, ,JEFFERSON DAVIS HY,3.8M PR.WM.-12.2M FRDBURG,9999,0258534,1,0000000000,00,38282706,077234126,008,3,01,01,14,1925,04,00,023875,2008,2,0122,0,00,0,0,0,0,0,5,0,0000,00000,A,1,5,1,04,0,00,002,0000,131,00131,000262,000,000,0131,0137,9999,N,0000,N,000,000,4,4,4,4,N,1,594,1,351,4,2,N,5,6,8,31,1,000274,1012,12,N,N,N, , , ,000930,000900,001900, , , ,_,0,N,2, ,1,0,0000,1,6,0,8,01,1, ,Y,3,027879,2028, ,N,N, , , ,1, ,0360,1,AM,1202,-77.3946,38.474256,"{""x"": -77.39459999998996, ""y"": 38.47425600041413, ""spatialReference"": {""wkid"": 4326, ""latestWkid"": 4326}}",80.0,1724,23.3985878792,23.6549931844,0.0137209937265,0.0135722667513,31.0,2.0,-77.3946,38.474256
58,51,3,000000000018057,1,2,1,00001,0,06,179,00000,CHOPAWAMSIC CREEK, ,JEFF. DAVIS HWY.,0.1M PR.WM.-15.8M FRDBURG,9999,0264610,1,0000000000,00,38311254,077214040,008,3,01,01,14,1933,04,00,020704,2008,2,0152,0,00,0,0,0,0,0,5,0,0000,00000,A,1,5,1,04,0,00,002,0000,195,00113,000229,000,000,0195,0201,9999,N,0000,N,000,000,4,4,4,6,N,3,558,3,430,4,7,N,5,6,8,34,1,000229,1012,12,N,N,N, , , ,000750,000300,001050,2007, , ,_,0,N,2, ,1,0,0000,1,6,8,0,01,0, ,Y,3,026199,2028, ,N,N, , , ,1, ,0550,1,AM,1202,-77.3613,38.520186,"{""x"": -77.36130000039469, ""y"": 38.5201859996842, ""spatialReference"": {""wkid"": 4326, ""latestWkid"": 4326}}",44.0,791,12.9798878598,12.5088570908,0.015813978623,0.0164094663209,39.0,4.0,-77.3613,38.520186
59,51,3,000000000018129,1,4,1,00609,0,06,179,00000,ACCAKEEK CREEK, ,RAVEN RD.,0.1M RTE608-1.3M DEAD END,9999,0003701,0,0000000000,00,38223772,077212529,199,3,01,01,09,1963,02,00,000152,2006,0,0049,0,00,0,0,0,0,0,5,0,0000,00000,E,1,5,3,02,0,00,002,0000,042,00046,000094,000,000,0058,0073,9999,N,0000,N,000,000,6,4,4,5,N,0,000,0,000,2,N,N,5,7,8,31,1,000229,1112,12,N,N,N, , , ,000150,000005,000175,2005, , ,_,0,N,3,T,0,0,0000,8,7,0,0,00,0, ,Y,8,000150,2027, ,N,N, , , ,1, ,0150,1,AM,1202,-77.356983,38.377164,"{""x"": -77.35698300006538, ""y"": 38.37716399981878, ""spatialReference"": {""wkid"": 4326, ""latestWkid"": 4326}}",0.0,False,False,False,,,73.0,5.0,-77.356983,38.377164
60,51,3,2100050P0000000,1,3,1,00267,0,00,059,00000,CENTREVILLE ROAD, ,WB DULLES TOLL ROA,2.8 MILES FROM DULLES AIR,9999,0004510,0, , ,38572548,077241443,000,2,76,76,19,1984,04,06,022000,2008,0,0192,0,13,0,1,1,1,1,5,N,0000,00000,A,1,1,3,02,0,00,001,0000,192,00302,000302,000,000,0192,0202,9999,H,0444,H,003,000,7,4,6,N,N,5,999,5,789,4,6,3,5,N,8, , , ,0811,24,N,N,N, , , ,000000,000000,000000, , , , ,0,L,1, ,0,0,1997,1,3,0,1, ,0, ,Y,N,026400,2028, ,N,Y, , , ,1, ,0690,1,ST,0313,-77.404008,38.957078,"{""x"": -77.40400800036889, ""y"": 38.95707800044943, ""spatialReference"": {""wkid"": 4326, ""latestWkid"": 4326}}",306.0,7030,107.148919855,155.134406903,0.022067483201,0.0152416671202,17.0,6.0,-77.404008,38.957078
61,24,3,100000100062010,1,3,1,00140,0,07,021,03300,FLAT RUN, ,MD 140,0.11 MI N OF MD 904F,9999,0007852,1,2014000000,00,39420000,077191200,003,3,01,01,06,1932,02,00,007930,2009,0,0122,0,00,0,1,1,1,1,5,0,0000,00000,A,1,5,1,04,0,00,002,0000,121,00073,000158,000,000,0122,0133,9999,N,0000,N,999,000,5,4,5,7,N,1,765,1,459,4,5,N,5,9,8, , , ,0412,24,N,N,N, , , , , , , , , , ,0,N,2, ,0,0,0000,1,6,0,0,08,0,5,Y,8,009329,2026, ,N,N, , , ,1, ,0693,1,AM,1202,-77.319211,39.702969,"{""x"": -77.31921100018747, ""y"": 39.70296900011931, ""spatialReference"": {""wkid"": 4326, ""latestWkid"": 4326}}",0.0,False,False,False,,,73.0,2.0,-77.319211,39.702969
62,24,3,200000M-0021010,1,4,1,00197,0,03,031,63300,WATTS BRANCH, ,PINEY MEETINGHOUSE,0.8 MILES NORTH OF MD 190,9999,0000998,0,3019700000,00,39022400,077140600,006,3,02,02,08,1950,02,00,006290,2009,0,0073,0,30,0,0,0,0,0,5,0,0000,00000,A,1,5,1,04,0,00,001,0000,073,00134,000155,000,000,0073,0088,9999,N,0000,N,999,000,5,4,5,5,N,2,675,2,405,4,2,N,5,7,8,31,1,000229,0711,24,N,N,N, , , ,000944,000094,001038,2011, , , ,0,N,2, ,0,0,0000,1,6,0,0,03,0, ,Y,5,007100,2029, ,N,N, , , ,1, ,0490,1,ST,0313,-77.235,39.04,"{""x"": -77.23500000004992, ""y"": 39.039999999600354, ""spatialReference"": {""wkid"": 4326, ""latestWkid"": 4326}}",0.0,False,False,False,,,73.0,6.0,-77.235,39.04
63,51,3,000000000006755,1,4,1,00644,0,09,059,00000,POHICK CREEK, ,OLD KEENE MILL RD.,00.15FR1031/00.15TO4521,9999,0004103,0,0000000000,00,38463004,077144568,011,3,01,01,16,1974,04,00,044545,2008,6,0122,2,15,0,0,0,0,0,5,0,0000,00000,A,1,5,3,02,0,00,003,0000,085,00122,000366,015,015,0171,0258,9999,N,0000,N,000,000,7,4,6,7,N,3,254,3,191,4,5,N,5,8,8,35,1,000366,0212,12,N,N,N, , , ,000100,000077,000250,2012, , ,_,0,N,2, ,0,0,0000,1,1,0,0,00,0, ,Y,7,115626,2033, ,N,N, , , ,1, ,0412,1,AM,1202,-77.245908,38.7752,"{""x"": -77.2459080003539, ""y"": 38.77520000017989, ""spatialReference"": {""wkid"": 4326, ""latestWkid"": 4326}}",187.0,3470,64.5162916476,119.115082318,0.0343271130599,0.0185925912529,20.0,8.0,-77.245908,38.7752
64,51,3,000000000006757,1,4,1,00644,0,09,059,00000,ACCOTINK CREEK, ,OLD KEENE MILL RD.,00.08 1179 / 00.20 6945,9999,0008270,0, ,00,38463029,077121287,010,3,01,01,16,1964,04,00,054842,2008,6,0229,2,20,0,0,0,0,0,5,0,0000,00000,A,1,5,3,02,0,00,003,0000,091,00162,000488,002,015,0174,0240,9999,N,0000,N,000,000,6,4,5,6,N,3,607,3,468,4,5,N,5,7,7,35,2,000479,0612,24,N,N,Y12, , ,0612,000065,000099,000200,2012, , ,_,0,N,2, ,0,0,0000,1,6,0,0,01,0, ,Y,8,130674,2033, ,N,N, , , ,1, ,0490,1,AM,1202,-77.203422,38.775286,"{""x"": -77.20342199982537, ""y"": 38.77528599964921, ""spatialReference"": {""wkid"": 4326, ""latestWkid"": 4326}}",297.0,5523,292.758253578,529.489618642,0.0958699291402,0.0530071072927,9.0,3.0,-77.203422,38.775286
65,51,3,000000000006829,1,4,1,00674,0,09,059,00000,COLVIN RUN, ,HUNTER MILL RD.,0.80FR606/0.40TO6942,9999,0010796,0,0000000000,00,38575581,077183450,011,3,01,01,16,1974,01,00,009271,2008,5,0058,0,00,0,0,0,0,0,5,0,0000,00000,P,1,5,3,02,0,00,001,0000,049,00085,000091,002,002,0049,0055,9999,N,0000,N,000,000,5,4,6,6,N,1,183,1,110,3,2,N,0,7,7,35,1,000152,0612,12,N,N,N, , , ,000900,000050,000980,2012, , ,_,0,N,3, ,0,0,0000,8,6,0,0,00,0, ,Y,8,020000,2033, ,N,N, , , ,1, ,0085,1,AM,1202,-77.309597,38.965636,"{""x"": -77.30959700020134, ""y"": 38.96563600030123, ""spatialReference"": {""wkid"": 4326, ""latestWkid"": 4326}}",659.0,12283,103.750229051,128.616493247,0.0104710977161,0.00844665220637,19.0,7.0,-77.309597,38.965636
66,51,3,000000000006832,1,4,1,00675,0,09,059,00000,DULLES ACCESS ROAD & 267, ,BEULAH ROAD,00.00FR5939/00.10TO5038,9999,0009622,0,0000000000,00,38563021,077165790,014,3,01,01,16,1963,02,40,009664,2008,6,0082,0,30,0,0,0,0,0,5,N,0000,00000,A,1,1,3,02,0,00,006,0000,073,00250,001372,005,005,0073,0089,9999,H,0426,H,030,015,5,4,5,N,N,2,585,2,333,4,2,3,5,N,5,35,1,001372,0511,24,N,N,Y12, , ,0113,000183,000018,000250,2010, , ,_,0,N,2, ,0,0,0000,1,9,0,0,00,0, ,Y,N,028491,2030, ,N,N, , , ,1, ,0330,1,AM,1202,-77.28305,38.9424,"{""x"": -77.28304999995748, ""y"": 38.942399999860186, ""spatialReference"": {""wkid"": 4326, ""latestWkid"": 4326}}",292.0,6702,102.692577875,229.714011795,0.034275441927,0.0153226764959,12.0,4.0,-77.28305,38.9424
67,51,3,2100049P0000000,1,3,1,00367,0,00,059,00000,HUNTER MILL ROAD, ,EB DULLES TOLL ROA,8.0 MILES FROM DULLES AIR,9999,0012870,0, , ,38565085,077184315,000,2,76,76,19,1984,04,03,022000,2008,0,0177,0,18,0,1,0,1,1,5,N,0000,00000,A,1,1,3,02,0,00,001,0000,177,00303,000303,000,000,0177,0187,9999,H,0432,H,005,000,7,4,7,N,N,5,545,5,327,4,5,3,5,N,8, , , ,0811,24,N,N,N, , , ,000000,000000,000000, , , , ,0,R,1, ,0,0, ,1,3,0,1, ,0, ,Y,N,026400,2028, ,N,Y, , , ,1, ,0680,1,ST,0313,-77.311986,38.947458,"{""x"": -77.31198599975403, ""y"": 38.9474580001866, ""spatialReference"": {""wkid"": 4326, ""latestWkid"": 4326}}",733.0,15422,182.087911918,699.55508368,0.045360853565,0.0118070232083,6.0,2.0,-77.311986,38.947458
68,11,3,0209,1,2,1,00029,0,01,001,00000,MILITARY RD, ,"16TH STREET, N.W.",16TH ST OVER MILITARY RD,9999,0000000, , , ,38574800,077021200,000,3,01,01,14,1958,04,04,030100,2007,5,0183,0,15,0,0,0,0,0,5,N,0000,00000,A,5,1,1,07,0,00,001,0000,183,00219,000244,021,021,0183,0238,9999,H,0442,H,006,999,2,4,5,N,N,1,345,1,209,4,5,3,5,N,8,38,2,000244,0812,24,N,N,N, , , ,000750,000150,001000, , , , ,0,N,2, ,1,0,0000,1,6,0,0,02,0, ,Y,N,035000,2027,0000,N,N, , , ,1, ,0473,1,AM,0203,-77.036422,38.962658,"{""x"": -77.03642200037496, ""y"": 38.96265799966699, ""spatialReference"": {""wkid"": 4326, ""latestWkid"": 4326}}",365.0,8229,294.778077925,642.075596829,0.078025956596,0.035821859026,7.0,2.0,-77.036422,38.962658
69,11,3,1200(RAMP D),1,1,7,00066,0,01,001,00000,LITTLE R & GW PKWY, ,RAMP D TO RT 50,T ROOSEVELT BR. TO RT. 50,0434,0000000, , , ,38533000,077034800,000,3,01,01,11,1964,02,04,040000,1992,5,0104,0,99,1,0,0,0,0,5,N,0000,00000,A,6,6,4,03,4,03,004,0002,067,00451,001707,005,005,0067,0082,0434,H,0450,H,049,000,4,4,7,7,N,1,581,1,345,4,2,6,5,8,8,38,1,001707,1112,24,Y24,Y60,N,1112,1112, ,005000,000500,005500,2012, , , ,1,N,2, ,1,0,0000,1,6,0,0,01,0,1,Y,5,030000,2012,0000,N,N, , , ,1, ,0470,1,MM,0503,-77.057617,38.882358,"{""x"": -77.05761700022435, ""y"": 38.882358000021725, ""spatialReference"": {""wkid"": 4326, ""latestWkid"": 4326}}",768.0,19947,393.774331099,989.261198071,0.0495944852895,0.0197410302852,3.0,1.0,-77.057617,38.882358
70,11,3,3300016P0000000,1,6,2,00002,0,00,001,00000,GWMP (WB) & POTOMAC RIVE, ,MEMORIAL AVENUE,0.3 MILES WEST OF LINCOLN,9999,0000810,0, , ,38531520,077031350,003,3,66,66,19,1932,06,05,060300,2007,4,0183,0,00,0,1,N,N,N,5,1,0091,00091,A,5,6,3,16,1,11,001,0010,183,00686,006486,042,042,0183,0294,9999,H,0386,H,003,011,4,3,5,7,N,2,540,2,330,3,2,3,5,8,8,35,1, ,0411,24,Y24,Y60,N,0411,1008, ,095000,009500,142500, , , , ,0,N,2, ,0,0,1986,1,6,0,0,01,0,1,Y,T,066330,2027, ,N,Y, , , ,1, ,0170,1,ST,0310,-77.05375,38.887556,"{""x"": -77.05374999996246, ""y"": 38.88755599960973, ""spatialReference"": {""wkid"": 4326, ""latestWkid"": 4326}}",442.0,11394,172.783184809,209.601294661,0.0183957604583,0.0151644009838,13.0,4.0,-77.05375,38.887556
71,24,3,200000M-0085010,1,4,1,04502,0,03,031,72450,CSXT RAILROAD, ,TALBOT AVENUE,0.2 MI E OF MICHIGAN AVE,9999,0000097,0,3450200000,00,39000600,077024200,002,3,02,02,19,1918,01,00,001430,2011,4,0058,0,00,0,0,1,1,0,5,N,0000,00000,P,1,2,3,03,0,00,003,0000,043,00177,000320,000,000,0044,0057,9999,R,0670,R,040,000,6,4,5,N,N,1,126,1,072,2,2,5,0,N,3,31,1,000610,0311,24,Y24,N,Y03,0311, ,1212,001260,000126,001386,2011, , , ,0,N,3, ,0,0,1995,8,7,0,0,05,0, ,Y,N,001750,2031, ,N,N, , , ,1, ,0113,1,ST,0314,-77.045,39.001667,"{""x"": -77.04500000024979, ""y"": 39.00166699993213, ""spatialReference"": {""wkid"": 4326, ""latestWkid"": 4326}}",33.0,1220,12.4598569719,26.6711661211,0.0218616115746,0.010212997518,28.0,2.0,-77.045,39.001667
72,24,3,200000M-0111010,1,4,1,01536,0,03,031,56337,BOOZE CREEK, ,VALLEY ROAD,40 FT E OF FALLEN OAK RD,9999,0000531,0,3153600000,00,39000000,077074800,002,3,02,02,19,1964,02,00,000206,2010,5,0079,0,00,0,0,N,N,N,5,0,0000,00000,P,5,5,5,01,0,00,001,0000,079,00088,000098,015,015,0079,0116,9999,N,0000,N,999,000,4,4,6,6,N,2,585,2,315,4,5,N,5,7,8,35,1,000098,0711,24,N,N,N, , , ,000060,000006,000066,2011, , , ,0,N,2, ,0,0,0000,2,6,0,0,05,0, ,Y,8,000309,2030, ,N,N, , , ,1, ,0687,1,ST,0313,-77.13,39.0,"{""x"": -77.12999999990006, ""y"": 39.00000000039972, ""spatialReference"": {""wkid"": 4326, ""latestWkid"": 4326}}",0.0,False,False,False,,,73.0,6.0,-77.13,39.0
73,24,3,200000M-0121010,1,4,1,00064,0,03,031,46250,HAWLINGS RIVER, ,ZION ROAD,2.8 MILES NORTH OF MD 108,9999,0004393,0,3006400000,00,39124800,077052400,010,3,02,02,09,1930,01,00,000400,2011,0,0061,0,12,0,0,0,0,1,5,0,0000,00000,A,1,5,1,11,0,00,001,0000,035,00067,000067,000,000,0036,0044,9999,N,0000,N,999,000,N,4,4,4,N,2,324,2,324,4,2,N,5,6,6, , , ,0213,24,N,N,N, , , , , , , , , , ,0,N,3, ,0,0,0000,N,6,0,0,03,0, ,Y,5,000500,2031, ,N,N, , , ,1, ,0516,1,ST,0314,-77.09,39.213333,"{""x"": -77.08999999980011, ""y"": 39.213332999718205, ""spatialReference"": {""wkid"": 4326, ""latestWkid"": 4326}}",10.0,128,7.99585412249,1.52037165803,0.0118779035784,0.062467610332,47.0,3.0,-77.09,39.213333
74,24,3,200000M-PK04010,1,8,1,01191,0,03,031,31525,ROCK CREEK, ,GARRETT PARK ROAD,100 FT W OF BEACH DRIVE,9999,0001110,0, ,00,39023000,077052400,005,3,02,02,19,1965,02,00,009250,2011,5,0079,0,00,0,0,0,1,0,5,0,0000,00000,A,5,5,3,02,0,00,003,0000,073,00232,000469,006,015,0073,0101,9999,N,0000,N,999,000,7,4,4,7,N,2,621,2,342,4,2,N,5,7,6,31,1,000469,0213,12,N,N,N, , , ,001000,000100,001100,2011, , , ,0,N,2, ,0,0,2000,1,6,0,0,05,0, ,Y,8,011500,2031, ,N,N, , , ,1, ,0493,1,ST,0314,-77.09,39.041667,"{""x"": -77.08999999980011, ""y"": 39.04166700003208, ""spatialReference"": {""wkid"": 4326, ""latestWkid"": 4326}}",0.0,False,False,False,,,73.0,6.0,-77.09,39.041667
75,24,3,200000M-PK13010,1,4,1,00013,0,03,031,07125,ROCK CREEK TRIBUTARY, ,ELMHIRST PARKWAY,0.3 MI N OF CEDAR LANE,9999,0000113,0, ,00,39003000,077054200,002,3,02,02,19,1940,02,00,000646,2010,0,0058,0,25,0,1,0,1,0,5,0,0000,00000,P,1,5,3,11,0,00,001,0000,118,00061,000061,000,000,0119,0131,9999,N,0000,N,999,000,N,4,6,5,N,2,117,2,081,2,7,N,0,5,8,31,1,000122,0511,24,N,N,N, , , ,000140,000014,000154,2011, , , ,0,N,2, ,0,0,0000,N,6,0,0,03,0, ,Y,4,000717,2030, ,N,N, , , ,1, ,0398,1,ST,0313,-77.095,39.008333,"{""x"": -77.09500000014987, ""y"": 39.008332999768186, ""spatialReference"": {""wkid"": 4326, ""latestWkid"": 4326}}",151.0,2799,135.786976253,132.286226863,0.0472619602941,0.0485126746171,18.0,1.0,-77.095,39.008333
76,24,3,200000M-PK24010,1,8,1,00028,0,03,031,43500,SILVER CREEK, ,BEACH DRIVE,0.4 MILES EAST OF MD 185,9999,0000000,0, ,00,39003600,077042400,003,3,12,12,19,1964,02,00,005500,2011,0,0079,0,30,0,1,0,0,0,5,0,0000,00000,A,5,5,3,11,0,00,003,0000,079,00027,000134,024,000,0079,0113,9999,N,0000,N,000,000,N,4,6,5,N,2,999,2,999,4,2,N,5,5,8,31,1,000305,0211,24,N,Y48,N, ,0511, ,000300,000030,000330, , , , ,0,N,2, ,0,0,0000,N,6,0,0,05,0, ,Y,5,006500,2031, ,N,N, , , ,1, ,0493,1,ST,0313,-77.073333,39.01,"{""x"": -77.07333300011783, ""y"": 39.01000000019991, ""spatialReference"": {""wkid"": 4326, ""latestWkid"": 4326}}",4.0,59,0.150682284078,0.00589594157936,9.99312132095e-05,0.00255393701828,50.0,4.0,-77.073333,39.01
77,51,3,000000000000119,1,3,1,00027,0,09,013,00000,COLUMBIA PIKE, ,WASHINGTON BLVD.,00.86FR50/00.33TO395,9999,0000113,1,0000000000,00,38515795,077042558,005,3,01,01,11,1944,04,04,067000,1993,0,0073,2,45,0,1,0,0,0,4,N,0000,00000,P,5,1,1,07,0,00,001,0000,073,00171,000204,018,020,0146,0292,9999,H,0444,H,022,000,4,4,4,N,N,1,249,1,147,2,2,4,4,N,7,31,1,000381,0113,12,N,N,N, , , ,001500,000055,001575,2013, , ,_,1,N,2, ,1,0,0000,1,6,0,0,04,0, ,Y,N,201000,2034, ,N,N, , , ,1, ,0078,1,AM,1202,-77.073372,38.866028,"{""x"": -77.07337200011767, ""y"": 38.866027999692506, ""spatialReference"": {""wkid"": 4326, ""latestWkid"": 4326}}",1188.0,29620,705.840721334,1198.51219661,0.0404629370901,0.0238298690525,1.0,1.0,-77.073372,38.866028
78,51,3,000000000000138,1,3,1,00027,0,09,013,00000,RTE. 110 (JEFF DAVIS HWY, ,WASHINGTON BLVD.,00.55FR244  00.26TO DC,9999,0003669,1,0000000000,00,38523455,077032593,005,3,01,01,12,1942,06,09,055615,2008,4,0110,2,44,0,0,0,0,0,5,N,0000,00000,A,5,1,4,02,1,04,004,0006,109,00241,001372,023,023,0219,0293,9999,H,0452,H,003,003,4,4,4,N,N,3,381,3,290,4,2,3,5,N,8,35,1,001372,0113,12,N,N,N, , , ,000600,000350,001000,2012, , ,_,1,N,2, ,1,0,0000,1,1,0,0,00,1, ,Y,N,154791,2034, ,N,N, , , ,1, ,0450,1,AM,1202,-77.057114,38.876775,"{""x"": -77.05711400041076, ""y"": 38.876774999766496, ""spatialReference"": {""wkid"": 4326, ""latestWkid"": 4326}}",1111.0,28161,516.111488477,774.762477248,0.0275118950764,0.0183271719213,5.0,3.0,-77.057114,38.876775
79,51,3,000000000000217,1,3,1,00120,0,09,013,00000,PIMMITT RUN, ,NORTH GLEBE ROAD,1.08 Fr 698 & .03 To 123,9999,0000000,1,000SR00120,00,38554429,077070488,019,3,01,01,14,1973,04,00,012791,2008,6,0165,0,00,0,0,0,0,1,5,0,0000,00000,A,1,5,3,02,0,00,003,0000,128,00165,000491,000,000,0128,0174,9999,N,0000,N,000,000,6,4,5,6,N,3,572,3,445,4,2,N,5,7,6,35,1,000488,0311,24,N,N,Y12, , ,0412,000116,000016,000140,2011, , ,_,1,N,2, ,1,0,0000,1,0,0,0,01,0, ,Y,5,040000,2031, ,N,N, , , ,1, ,0390,1,AM,1202,-77.117983,38.928992,"{""x"": -77.11798299971565, ""y"": 38.92899200028063, ""spatialReference"": {""wkid"": 4326, ""latestWkid"": 4326}}",565.0,10796,306.061924243,895.011744189,0.0829021622998,0.0283495668991,4.0,2.0,-77.117983,38.928992
80,51,3,3300003P0000000,1,6,2,00001,0,09,059,00000,GWMP, ,CIA ENTRANCE RAMP,2.2 MILES SOUTH OF I-495.,9999,0003540,0, , ,38572920,077083850,000,3,66,01,19,1959,04,05,000900,2007,4,0165,2,22,0,1,N,N,N,5,N,0000,00000,A,5,1,5,02,0,00,003,0000,073,00341,000510,009,009,0146,0190,9999,H,0462,H,025,025,6,4,5,N,N,2,472,2,280,4,2,5,5,N,8,35,1,000509,0411,24,N,N,N, , , ,000560,000056,000840,2005, , , ,0,N,2, ,0,0,1984,1,1,0,0,09,0, ,Y,N,000990,2027, ,N,Y, , , ,1, ,0510,1,ST,0309,-77.144028,38.958111,"{""x"": -77.14402800019201, ""y"": 38.95811100042238, ""spatialReference"": {""wkid"": 4326, ""latestWkid"": 4326}}",786.0,14874,652.614096637,1169.24041321,0.0786096822114,0.0438761662389,2.0,1.0,-77.144028,38.958111
81,51,3,DAPMDWBEL001590,1,8,0,00000,0,09,059,29008,DOGUE CREEK, ,MT. VERNON ROAD,E OF STRUCTURE 01443,9999,0000000,0, , ,38423380,077075630,004,3,74,74,19,1959,02,00,003000,2012,0,0070,0,00,0,1,N,1,1,4,0,0000,00000,P,5,5,3,10,0,00,001,0000,070,00488,000488,000,014,0070,0074,9999,N,0000,N,000,000,5,4,6,6,N,3,220,3,165,4,2,N,1,7,6,38,1,000589,1112,24,Y24,N,N,1112, , ,000800,000027,000827,2012, , , ,0,N,2, ,0,0,1979,3,0,0,0,10,0, ,Y,8,004000,2034, ,N,Y, , , ,1, ,0296,1,AM,1202,-77.132292,38.709403,"{""x"": -77.13229200037546, ""y"": 38.7094030002483, ""spatialReference"": {""wkid"": 4326, ""latestWkid"": 4326}}",41.0,995,8.75258918931,-22.2928712926,-0.0224048957715,0.00879657204956,96.0,12.0,-77.132292,38.709403
82,11,3,0053,1,5,1,00000,0,01,001,00000,ANACOSTIA RIVER, ,SOUTH CAPITOL ST,S CAPITOL ST/ANACOSTIA R,9999,0000000, , , ,38521800,077001800,003,3,01,01,12,1950,05,02,053800,2007,5,0192,2,00,0,0,1,1,1,5,0,0137,00061,A,5,6,4,17,4,02,008,0004,110,00588,004767,016,016,0191,0229,9999,N,3018,N,030,999,6,4,6,5,N,2,417,2,227,4,4,N,5,9,8,38,1,007620,0213,24,Y06,Y60,Y06,0213,0213, ,007500,000500,008125, , , , ,0,N,2, ,1,0,2008,1,6,0,1,04,0,2,Y,5,075000,2027, ,N,N, , , ,0, ,0472,1,MM,0203,-77.007386,38.869597,"{""x"": -77.00738599956418, ""y"": 38.869596999701855, ""spatialReference"": {""wkid"": 4326, ""latestWkid"": 4326}}",778.0,23505,196.289154905,469.971740248,0.0199945432992,0.00835095319739,10.0,3.0,-77.007386,38.869597
83,24,3,200000CH0034010,1,4,1,01121,0,05,017,00000,GILBERT SWAMP RUN, ,TRINITY CHURCH RD,2.05 MILES S OF MD 6,9999,0005390,0,3112100000,00,38271200,076521200,013,3,02,02,08,1927,02,00,000600,1990,0,0061,0,05,0,1,1,1,1,5,0,0000,00000,P,1,5,1,01,0,00,002,0000,082,00052,000113,000,000,0082,0088,9999,N,0000,N,999,000,4,4,6,7,N,2,360,2,198,4,5,N,3,5,8, , , ,0811,24,N,N,N, , , , , , , , , , ,0,N,2, ,0,0,1958,1,6,0,0,08,0, ,Y,3,002120,2007, ,N,N, , , ,1, ,0496,1,ST,0313,-76.87,38.453333,"{""x"": -76.86999999970021, ""y"": 38.45333299961828, ""spatialReference"": {""wkid"": 4326, ""latestWkid"": 4326}}",15.0,319,3.6130432372,7.59705373824,0.0238152154804,0.0113261543486,43.0,1.0,-76.87,38.453333
84,24,3,200000P-0104010,1,4,1,00014,0,03,033,18750,LITTLE PAINT BRANCH, ,CHERRY HILL ROAD,0.5 MILES WEST OF US 1,9999,0000708,0,3001400000,00,39010000,076560000,002,3,02,02,19,1966,02,00,021210,1913,4,0183,0,00,0,1,1,1,1,5,0,0000,00000,A,5,5,5,01,0,00,003,0000,134,00110,000335,006,012,0134,0158,9999,N,0000,N,000,000,4,4,5,6,N,2,747,2,450,4,6,N,5,6,8,31,1,000427,0213,24,N,N,N, , , ,001400,000140,002100, , , , ,0,N,2, ,0,0,0000,2,6,0,0,05,0, ,Y,8,026400,2035, ,N,N, , , ,1, ,0616,1,ST,0311,-76.933333,39.016667,"{""x"": -76.93333300021777, ""y"": 39.016667000082066, ""spatialReference"": {""wkid"": 4326, ""latestWkid"": 4326}}",150.0,3239,184.301518499,317.341983723,0.0979752959934,0.0569007466807,11.0,2.0,-76.933333,39.016667
85,24,3,200000P-0106010,1,4,1,03642,0,03,033,18750,NORTHEAST BRANCH, ,PAINT BRANCH PKWY,0.33 MI W OF MD 201,9999,0001689,0,3364200000,00,38583000,076551200,006,3,02,02,19,1964,04,00,011570,2007,4,0165,2,33,0,1,0,1,0,5,0,0000,00000,P,5,5,3,02,0,00,003,0000,176,00137,000427,012,026,0177,0222,9999,N,0000,N,000,000,5,4,6,6,N,2,468,2,261,4,5,N,5,7,8, , , ,0611,24,N,N,N, , , , , , , , , , ,0,N,2, ,0,0,1994,1,6,0,0,10,0, ,Y,5,017200,2027, ,N,N, , , ,1, ,0594,1,ST,0311,-76.92,38.975,"{""x"": -76.91999999960024, ""y"": 38.97499999955039, ""spatialReference"": {""wkid"": 4326, ""latestWkid"": 4326}}",76.0,1848,39.5490658391,60.9166236448,0.0329635409333,0.0214010096532,25.0,4.0,-76.92,38.975
86,24,3,200000P-0189010,1,4,1,00020,0,03,033,06400,INDIAN CREEK, ,SUNNYSIDE AVENUE,0.09 MI W OF MD 201,9999,0000145,0,3002000000,00,39011200,076540600,003,3,02,02,17,1946,02,00,011170,2007,0,0067,0,06,0,0,0,0,0,5,0,0000,00000,A,1,5,3,02,0,00,001,0000,067,00104,000113,000,000,0067,0069,9999,N,0000,N,000,000,5,4,4,6,N,2,999,2,702,4,2,N,5,5,6,31,1,000219,1012,06,N,N,Y06, , ,1012,000675,000800,001745,2007, , , ,0,N,2, ,0,0,1974,1,1,0,0,10,0, ,Y,5,017425,2027, ,N,N, , , ,1, ,0484,1,ST,0311,-76.901667,39.02,"{""x"": -76.9016670004317, ""y"": 39.02000000000004, ""spatialReference"": {""wkid"": 4326, ""latestWkid"": 4326}}",0.0,0,0.0,0.0,,,73.0,9.5,-76.901667,39.02
87,24,3,200000P-0194010,1,4,1,00018,0,03,033,12350,LITTLE PAINT BRANCH, ,GREENCASTLE ROAD,0.10 MI E OF MONT CO LINE,9999,0000579,0,3001800000,00,39041800,076551800,008,3,02,02,17,1954,02,00,006870,2007,0,0098,0,10,0,0,0,0,0,5,0,0000,00000,P,5,5,3,02,0,00,001,0000,080,00091,000098,000,014,0081,0098,9999,N,0000,N,000,000,4,4,5,6,N,2,495,2,297,4,2,N,5,6,6,31,1,000229,0211,24,N,N,N, , , ,000788,000079,001182,2009, , , ,0,N,2, ,0,0,0000,1,6,8,8,10,0, ,Y,5,010210,2027, ,N,N, , , ,1, ,0432,1,ST,0311,-76.923333,39.073333,"{""x"": -76.92333300041759, ""y"": 39.07333299981815, ""spatialReference"": {""wkid"": 4326, ""latestWkid"": 4326}}",217.0,5327,219.323274408,584.744875941,0.109770016133,0.0411720057084,8.0,1.0,-76.923333,39.073333
88,24,3,200000P-0289010,1,4,1,01210,0,03,033,00000,BEAVERDAM CREEK, ,OLD LANDOVER ROAD,0.14 MI N OF MD 202,9999,0000225,0,3121000000,00,38554800,076533600,199,3,02,02,19,1966,02,00,004520,2005,4,0110,0,13,0,1,0,0,0,5,0,0000,00000,P,5,5,5,02,0,00,001,0000,109,00149,000155,003,012,0110,0128,9999,N,0000,N,000,000,4,4,6,6,N,2,324,2,171,4,5,N,5,6,8,31,1,000198,0311,24,N,N,N, , , ,000100,000400,000500,2007, , , ,0,N,2, ,0,0,0000,2,6,0,0,05,0, ,Y,8,006700,2027, ,N,N, , , ,1, ,0345,1,ST,0311,-76.893333,38.93,"{""x"": -76.89333300011782, ""y"": 38.930000000000064, ""spatialReference"": {""wkid"": 4326, ""latestWkid"": 4326}}",1.0,25,3.5527136788e-15,8.881784197e-16,3.5527136788e-17,1.42108547152e-16,73.0,9.5,-76.893333,38.93
89,24,3,200000P-0307010,1,4,1,00122,0,03,033,00000,HENSON CREEK, ,BRINKLEY ROAD,0.21 MI NE OF ROBERTS DR,9999,0002751,0,3012200000,00,38480000,076562400,005,3,02,02,17,1953,02,00,027290,2005,5,0085,0,00,0,0,0,1,1,5,0,0000,00000,P,5,5,3,02,0,00,002,0000,085,00110,000238,006,006,0085,0101,9999,N,0000,N,999,000,4,4,6,6,N,2,315,2,180,4,2,N,2,7,8,31,1,000305,0311,24,N,N,N, , , ,000714,000408,001122, , , , ,0,N,2, ,0,0,0000,1,6,0,8,10,0, ,Y,5,040590,2027, ,N,N, , , ,1, ,0182,1,ST,0311,-76.94,38.801667,"{""x"": -76.94000000009987, ""y"": 38.80166700033186, ""spatialReference"": {""wkid"": 4326, ""latestWkid"": 4326}}",0.0,0,0.0,0.0,,,73.0,9.5,-76.94,38.801667
90,24,3,200000P-0309010,1,4,1,00148,0,03,033,00000,HENSON CREEK, ,BOCK ROAD,0.13 MI S OF HAVER HIL ST,9999,0001963,0,3014800000,00,38472400,076581800,006,3,02,02,19,1959,02,00,011650,2007,4,0116,0,00,0,1,0,0,0,5,0,0000,00000,E,5,5,5,05,5,02,001,0002,085,00180,000372,012,012,0085,0110,9999,N,0000,N,000,000,5,4,4,6,N,2,639,2,000,2,2,N,5,6,8,31,1,000457,0112,24,N,N,Y12, , ,0112,001580,000160,001740,2007, , , ,0,N,2, ,0,0,0000,N,6,8,8,10,0, ,Y,8,017310,2027, ,N,N, , , ,1, ,0060,1,ST,0311,-76.971667,38.79,"{""x"": -76.97166699993204, ""y"": 38.79000000009995, ""spatialReference"": {""wkid"": 4326, ""latestWkid"": 4326}}",238.0,6905,3.28559457622,11.46766141,0.0016607764533,0.000475828323856,41.0,6.0,-76.971667,38.79
91,24,3,200000P-0160010,1,4,1,00055,0,03,033,45900,TRIB TO PATUXENT RIVER, ,BOWIE ROAD,0.2 MI EAST OF US 1 NB,9999,0000000,0, ,00,39054200,076504800,002,3,02,02,19,1927,02,00,008712,2007,0,0064,0,74,0,0,0,0,0,5,0,0000,00000,P,1,5,1,01,0,00,001,0000,062,00207,000207,000,000,0062,0062,9999,N,0000,N,000,000,4,4,5,7,N,2,504,2,297,4,2,N,5,8,6,35,1,000207,0311,24,N,N,N, , , ,000087,000009,000096,2007, , , ,0,N,2, ,0,0,1972,1,6,0,0,10,0, ,Y,8,013595,2027, ,N,N, , , ,1, ,0476,1,AM,0303,-76.846417,39.094761,"{""x"": -76.84641700034427, ""y"": 39.09476099962046, ""spatialReference"": {""wkid"": 4326, ""latestWkid"": 4326}}",150.0,2985,117.031128716,162.979001131,0.0545993303622,0.0392064082802,16.0,3.0,-76.846417,39.094761
92,24,3,200000P-0403010,1,4,1,00229,0,03,033,09325,ROCK CREEK, ,BADEN NAYLOR ROAD,1.11 MILES SW OF MD 382,9999,0004328,0,3022900000,00,38411800,076442400,006,3,02,02,08,1950,01,00,000680,2007,0,0079,0,23,0,0,0,1,1,5,0,0000,00000,K,1,5,1,01,0,00,002,0000,053,00052,000110,000,000,0054,0060,9999,N,0000,N,000,000,0,0,0,0,N,2,324,2,324,0,0,N,5,4,0,35,1,000110,0312,12,N,N,N, , , ,000280,000028,000308,2008, , , ,0,N,3, ,0,0,0000,1,6,8,8,02,0, ,Y,0,001000,2027, ,N,N, , , ,1, ,0242,1,ST,0311,-76.741667,38.688333,"{""x"": -76.74166700003201, ""y"": 38.68833299986812, ""spatialReference"": {""wkid"": 4326, ""latestWkid"": 4326}}",0.0,0,0.0,0.0,,,73.0,9.5,-76.741667,38.688333
93,24,3,200000P-0580010,1,4,1,04080,0,03,033,09325,PISCATAWAY CREEK, ,COMMO ROAD,.74 MI E FRANK TIPPETT RD,9999,0001191,0,3408000000,00,38444800,076504800,002,3,02,02,19,1935,02,00,001446,2007,5,0049,0,45,0,0,0,0,0,5,0,0000,00000,A,1,5,3,02,0,00,001,0000,040,00180,000192,000,000,0041,0061,9999,N,0000,N,000,000,3,3,6,5,N,2,459,2,342,3,N,N,5,6,8,35,1,000192,0912,06,N,N,Y06, , ,0912,000150,000020,000170,2007, , , ,0,N,3, ,0,0,1972,3,0,0,0,05,0, ,Y,5,002066,2027, ,N,N, , , ,1, ,0355,1,ST,0311,-76.846667,38.746667,"{""x"": -76.84666700018187, ""y"": 38.74666700008203, ""spatialReference"": {""wkid"": 4326, ""latestWkid"": 4326}}",0.0,0,0.0,0.0,,,73.0,9.5,-76.846667,38.746667
94,24,3,200000P-0581010,1,4,1,03465,0,03,033,45825,SOUTHWEST BRANCH, ,HARRY S. TRUMAN DR,1.48 MILES S OF MD 214,9999,0002381,0,3346500000,00,38523600,076493600,005,3,02,02,17,1974,04,00,006790,2005,5,0235,2,00,0,1,0,0,0,5,0,0000,00000,A,5,5,5,02,0,00,002,0000,109,00128,000265,018,018,0219,0277,9999,N,0000,N,000,000,5,3,6,6,N,2,999,2,612,3,9,N,5,5,8,38, ,000113,0211,24,N,N,N, , , ,000036,000004,000040,2007, , , ,0,N,2, ,0,0,0000,N,6,8,8,05,0, ,Y,5,010030,2027, ,N,N, , , ,1, ,0450,1,ST,0311,-76.826667,38.876667,"{""x"": -76.82666699968223, ""y"": 38.87666700018195, ""spatialReference"": {""wkid"": 4326, ""latestWkid"": 4326}}",23.0,655,5.64885817092,21.7442234334,0.0331972876846,0.00862421094797,34.0,5.0,-76.826667,38.876667
95,24,3,200000P-0599010,1,4,1,00072,0,03,033,08775,PATUXENT RIVER, ,GOVERNOR BRIDGE RD,ON AA CO LINE,9999,0002623,0,3007200000,00,38570600,076413600,011,3,02,02,09,1920,01,00,000840,2007,0,0055,0,00,0,0,0,0,0,2,0,0000,00000,P,1,5,3,10,0,00,001,0000,037,00347,000357,000,000,0037,0042,0457,N,0000,N,000,000,5,3,6,7,N,2,108,2,063,2,2,N,0,6,3,31,1,001829,1012,06,Y06,N,N,1012, , ,000008,000017,000025, , , , ,0,N,3, ,0,0,1995,3,0,0,0,10,0, ,Y,5,001311,2027, ,N,N, , , ,1, ,0020,1,ST,0311,-76.693333,38.951667,"{""x"": -76.69333299961818, ""y"": 38.9516670000321, ""spatialReference"": {""wkid"": 4326, ""latestWkid"": 4326}}",0.0,0,0.0,0.0,,,73.0,9.5,-76.693333,38.951667
96,24,3,100000040018012,1,3,1,00004,0,05,009,00000,HALL CREEK, ,MD 4 SB,.442 M N OF MT HARMONY RD,9999,0051939,1,2000400000,00,38423000,076391200,002,3,01,01,14,1929,02,00,035171,2009,5,0098,0,00,0,1,1,1,1,5,0,0000,00000,A,1,5,1,04,0,00,002,0000,115,00094,000198,000,000,0116,0122,9999,N,0000,N,999,000,6,4,5,6,N,5,495,5,306,4,7,N,5,7,7,35,1,000198,0313,12,N,Y48,N, ,0609, ,000156,000016,000172, , , , ,0,L,1, ,1,0,0000,1,6,0,0,08,0,5,Y,8,049171,2029, ,N,N, , , ,1, ,0673,1,AM,1202,-76.651808,38.709242,"{""x"": -76.65180800023899, ""y"": 38.70924200001832, ""spatialReference"": {""wkid"": 4326, ""latestWkid"": 4326}}",58.0,1207,9.46636653962,85.9748170323,0.0712301715263,0.00784288859952,21.0,1.0,-76.651808,38.709242
